Id,label
9453,0
9454,0
9455,1
9456,1
9457,1
9458,1
9459,1
9460,1
9461,1
9462,0
9463,1
9464,0
9465,0
9466,1
9467,1
9468,1
9469,1
9470,1
9471,1
9472,1
9473,1
9474,1
9475,0
9476,1
9477,1
9478,0
9479,1
9480,1
9481,1
9482,1
9483,0
9484,1
9485,1
9486,1
9487,1
9488,0
9489,0
9490,0
9491,1
9492,1
9493,0
9494,1
9495,1
9496,1
9497,0
9498,1
9499,1
9500,1
9501,1
9502,1
9503,1
9504,1
9505,1
9506,1
9507,0
9508,1
9509,1
9510,1
9511,1
9512,0
9513,1
9514,0
9515,1
9516,1
9517,0
9518,1
9519,1
9520,1
9521,1
9522,0
9523,0
9524,1
9525,0
9526,0
9527,1
9528,0
9529,1
9530,1
9531,1
9532,1
9533,0
9534,1
9535,1
9536,1
9537,1
9538,0
9539,1
9540,1
9541,0
9542,1
9543,0
9544,1
9545,1
9546,0
9547,1
9548,1
9549,1
9550,1
9551,1
9552,0
9553,1
9554,1
9555,1
9556,1
9557,0
9558,1
9559,1
9560,1
9561,1
9562,1
9563,1
9564,0
9565,1
9566,1
9567,0
9568,0
9569,1
9570,1
9571,1
9572,1
9573,1
9574,1
9575,1
9576,1
9577,1
9578,1
9579,1
9580,1
9581,1
9582,1
9583,1
9584,1
9585,1
9586,0
9587,0
9588,1
9589,0
9590,1
9591,0
9592,1
9593,0
9594,0
9595,1
9596,1
9597,1
9598,1
9599,1
9600,1
9601,1
9602,1
9603,0
9604,0
9605,0
9606,1
9607,0
9608,0
9609,1
9610,1
9611,1
9612,0
9613,1
9614,1
9615,1
9616,1
9617,0
9618,0
9619,1
9620,1
9621,0
9622,0
9623,0
9624,1
9625,1
9626,1
9627,1
9628,0
9629,0
9630,1
9631,1
9632,1
9633,1
9634,0
9635,1
9636,0
9637,1
9638,1
9639,0
9640,1
9641,1
9642,1
9643,0
9644,1
9645,1
9646,0
9647,1
9648,1
9649,1
9650,0
9651,1
9652,0
9653,1
9654,1
9655,1
9656,1
9657,0
9658,1
9659,0
9660,0
9661,1
9662,1
9663,1
9664,0
9665,1
9666,0
9667,1
9668,1
9669,1
9670,0
9671,0
9672,1
9673,1
9674,0
9675,1
9676,1
9677,1
9678,1
9679,1
9680,1
9681,0
9682,1
9683,0
9684,1
9685,0
9686,1
9687,1
9688,0
9689,1
9690,1
9691,1
9692,1
9693,1
9694,1
9695,1
9696,1
9697,1
9698,0
9699,0
9700,1
9701,0
9702,1
9703,0
9704,1
9705,1
9706,0
9707,1
9708,0
9709,0
9710,0
9711,1
9712,0
9713,1
9714,1
9715,0
9716,1
9717,1
9718,1
9719,1
9720,0
9721,1
9722,1
9723,1
9724,1
9725,0
9726,0
9727,1
9728,0
9729,1
9730,1
9731,1
9732,0
9733,1
9734,1
9735,1
9736,1
9737,1
9738,1
9739,1
9740,0
9741,1
9742,1
9743,0
9744,1
9745,0
9746,1
9747,1
9748,0
9749,0
9750,1
9751,0
9752,1
9753,0
9754,0
9755,1
9756,1
9757,1
9758,1
9759,1
9760,0
9761,1
9762,0
9763,1
9764,0
9765,0
9766,0
9767,0
9768,0
9769,0
9770,1
9771,0
9772,0
9773,1
9774,1
9775,1
9776,1
9777,1
9778,1
9779,0
9780,1
9781,0
9782,1
9783,0
9784,1
9785,1
9786,1
9787,1
9788,1
9789,1
9790,1
9791,0
9792,1
9793,0
9794,1
9795,1
9796,0
9797,1
9798,1
9799,0
9800,1
9801,1
9802,1
9803,0
9804,0
9805,1
9806,0
9807,1
9808,1
9809,1
9810,1
9811,1
9812,1
9813,1
9814,0
9815,0
9816,1
9817,1
9818,0
9819,1
9820,0
9821,0
9822,1
9823,0
9824,0
9825,1
9826,1
9827,1
9828,1
9829,1
9830,0
9831,0
9832,0
9833,1
9834,1
9835,1
9836,0
9837,1
9838,1
9839,1
9840,1
9841,1
9842,0
9843,0
9844,0
9845,1
9846,1
9847,0
9848,1
9849,0
9850,1
9851,0
9852,1
9853,1
9854,1
9855,1
9856,1
9857,0
9858,1
9859,1
9860,1
9861,0
9862,1
9863,0
9864,0
9865,1
9866,1
9867,1
9868,1
9869,0
9870,1
9871,1
9872,1
9873,0
9874,1
9875,0
9876,1
9877,1
9878,1
9879,1
9880,1
9881,1
9882,0
9883,1
9884,0
9885,1
9886,1
9887,1
9888,1
9889,1
9890,0
9891,1
9892,1
9893,1
9894,0
9895,1
9896,1
9897,1
9898,1
9899,0
9900,0
9901,1
9902,1
9903,1
9904,0
9905,1
9906,1
9907,1
9908,0
9909,1
9910,1
9911,0
9912,1
9913,1
9914,1
9915,1
9916,0
9917,0
9918,1
9919,1
9920,0
9921,1
9922,1
9923,1
9924,0
9925,1
9926,0
9927,1
9928,0
9929,1
9930,1
9931,1
9932,1
9933,1
9934,0
9935,0
9936,1
9937,0
9938,0
9939,0
9940,1
9941,1
9942,1
9943,1
9944,1
9945,1
9946,1
9947,1
9948,0
9949,0
9950,1
9951,1
9952,1
9953,1
9954,1
9955,1
9956,0
9957,1
9958,1
9959,1
9960,0
9961,1
9962,1
9963,0
9964,1
9965,1
9966,1
9967,1
9968,1
9969,1
9970,0
9971,0
9972,1
9973,0
9974,0
9975,0
9976,1
9977,1
9978,0
9979,1
9980,0
9981,1
9982,0
9983,1
9984,1
9985,1
9986,1
9987,1
9988,1
9989,1
9990,0
9991,1
9992,1
9993,1
9994,1
9995,1
9996,0
9997,0
9998,1
9999,0
10000,1
10001,0
10002,1
10003,1
10004,1
10005,0
10006,1
10007,1
10008,1
10009,1
10010,0
10011,0
10012,0
10013,1
10014,0
10015,1
10016,0
10017,1
10018,1
10019,1
10020,1
10021,1
10022,0
10023,1
10024,1
10025,0
10026,0
10027,1
10028,0
10029,1
10030,1
10031,1
10032,1
10033,0
10034,1
10035,1
10036,0
10037,0
10038,1
10039,0
10040,1
10041,1
10042,1
10043,1
10044,0
10045,0
10046,0
10047,1
10048,0
10049,0
10050,1
10051,1
10052,1
10053,1
10054,1
10055,1
10056,1
10057,1
10058,1
10059,1
10060,1
10061,0
10062,1
10063,1
10064,0
10065,1
10066,1
10067,1
10068,1
10069,1
10070,1
10071,1
10072,0
10073,1
10074,1
10075,0
10076,1
10077,0
10078,1
10079,1
10080,1
10081,0
10082,1
10083,1
10084,1
10085,1
10086,0
10087,1
10088,0
10089,1
10090,0
10091,1
10092,1
10093,0
10094,0
10095,1
10096,0
10097,1
10098,1
10099,1
10100,1
10101,1
10102,1
10103,0
10104,1
10105,1
10106,0
10107,1
10108,1
10109,0
10110,1
10111,1
10112,1
10113,0
10114,0
10115,0
10116,1
10117,1
10118,0
10119,0
10120,1
10121,1
10122,1
10123,0
10124,0
10125,1
10126,0
10127,1
10128,1
10129,0
10130,1
10131,1
10132,1
10133,0
10134,1
10135,1
10136,1
10137,0
10138,1
10139,1
10140,0
10141,0
10142,0
10143,1
10144,1
10145,1
10146,1
10147,1
10148,0
10149,0
10150,1
10151,0
10152,1
10153,1
10154,1
10155,1
10156,1
10157,0
10158,1
10159,1
10160,1
10161,1
10162,1
10163,1
10164,1
10165,1
10166,0
10167,1
10168,0
10169,1
10170,1
10171,0
10172,1
10173,1
10174,0
10175,1
10176,1
10177,1
10178,1
10179,0
10180,1
10181,1
10182,1
10183,1
10184,0
10185,0
10186,0
10187,1
10188,0
10189,0
10190,0
10191,1
10192,1
10193,1
10194,1
10195,1
10196,1
10197,1
10198,1
10199,1
10200,0
10201,0
10202,0
10203,1
10204,1
10205,0
10206,1
10207,1
10208,0
10209,1
10210,1
10211,1
10212,1
10213,0
10214,1
10215,1
10216,1
10217,0
10218,1
10219,0
10220,1
10221,1
10222,1
10223,0
10224,1
10225,0
10226,1
10227,1
10228,1
10229,0
10230,1
10231,1
10232,0
10233,0
10234,1
10235,1
10236,1
10237,1
10238,0
10239,1
10240,1
10241,0
10242,1
10243,1
10244,1
10245,1
10246,0
10247,1
10248,0
10249,1
10250,1
10251,1
10252,1
10253,1
10254,1
10255,1
10256,1
10257,0
10258,0
10259,1
10260,0
10261,1
10262,1
10263,1
10264,1
10265,0
10266,1
10267,1
10268,0
10269,0
10270,0
10271,0
10272,0
10273,1
10274,1
10275,1
10276,1
10277,1
10278,1
10279,1
10280,1
10281,1
10282,0
10283,1
10284,1
10285,0
10286,1
10287,1
10288,1
10289,0
10290,1
10291,1
10292,1
10293,0
10294,0
10295,1
10296,1
10297,0
10298,1
10299,1
10300,0
10301,1
10302,1
10303,1
10304,0
10305,0
10306,1
10307,1
10308,1
10309,1
10310,1
10311,1
10312,0
10313,1
10314,1
10315,1
10316,1
10317,0
10318,1
10319,1
10320,1
10321,1
10322,0
10323,1
10324,1
10325,1
10326,1
10327,1
10328,1
10329,0
10330,0
10331,1
10332,0
10333,0
10334,0
10335,0
10336,1
10337,1
10338,1
10339,1
10340,1
10341,1
10342,0
10343,0
10344,1
10345,1
10346,1
10347,1
10348,1
10349,1
10350,0
10351,0
10352,0
10353,1
10354,1
10355,1
10356,0
10357,1
10358,1
10359,1
10360,0
10361,0
10362,1
10363,1
10364,1
10365,1
10366,0
10367,0
10368,0
10369,1
10370,1
10371,1
10372,1
10373,1
10374,0
10375,0
10376,0
10377,1
10378,1
10379,1
10380,0
10381,1
10382,1
10383,1
10384,1
10385,1
10386,1
10387,1
10388,0
10389,1
10390,1
10391,1
10392,1
10393,1
10394,1
10395,1
10396,0
10397,0
10398,1
10399,0
10400,0
10401,1
10402,1
10403,1
10404,1
10405,0
10406,1
10407,1
10408,1
10409,1
10410,0
10411,1
10412,0
10413,1
10414,1
10415,1
10416,0
10417,1
10418,1
10419,1
10420,1
10421,1
10422,1
10423,1
10424,1
10425,0
10426,1
10427,1
10428,1
10429,1
10430,1
10431,0
10432,0
10433,1
10434,0
10435,1
10436,1
10437,1
10438,0
10439,1
10440,0
10441,0
10442,0
10443,0
10444,1
10445,0
10446,0
10447,0
10448,1
10449,1
10450,0
10451,1
10452,1
10453,1
10454,1
10455,0
10456,1
10457,1
10458,1
10459,1
10460,1
10461,1
10462,1
10463,0
10464,1
10465,1
10466,0
10467,0
10468,1
10469,1
10470,0
10471,0
10472,1
10473,0
10474,1
10475,0
10476,1
10477,1
10478,0
10479,1
10480,1
10481,1
10482,1
10483,0
10484,1
10485,0
10486,1
10487,1
10488,0
10489,1
10490,0
10491,1
10492,1
10493,1
10494,1
10495,0
10496,0
10497,0
10498,0
10499,1
10500,0
10501,1
10502,1
10503,1
10504,1
10505,1
10506,1
10507,1
10508,0
10509,1
10510,0
10511,0
10512,1
10513,1
10514,1
10515,1
10516,1
10517,1
10518,0
10519,0
10520,0
10521,1
10522,1
10523,0
10524,1
10525,1
10526,0
10527,0
10528,0
10529,0
10530,1
10531,0
10532,1
10533,1
10534,0
10535,1
10536,1
10537,1
10538,1
10539,0
10540,1
10541,0
10542,0
10543,0
10544,0
10545,1
10546,0
10547,1
10548,0
10549,1
10550,0
10551,1
10552,0
10553,0
10554,1
10555,0
10556,1
10557,1
10558,1
10559,1
10560,0
10561,0
10562,0
10563,1
10564,1
10565,1
10566,0
10567,0
10568,1
10569,1
10570,0
10571,0
10572,1
10573,0
10574,1
10575,0
10576,1
10577,1
10578,1
10579,1
10580,1
10581,1
10582,0
10583,1
10584,0
10585,1
10586,1
10587,1
10588,0
10589,0
10590,1
10591,1
10592,1
10593,0
10594,1
10595,1
10596,1
10597,1
10598,1
10599,1
10600,1
10601,0
10602,1
10603,1
10604,0
10605,1
10606,1
10607,1
10608,1
10609,1
10610,1
10611,1
10612,1
10613,1
10614,1
10615,1
10616,1
10617,1
10618,0
10619,1
10620,1
10621,0
10622,1
10623,1
10624,0
10625,1
10626,1
10627,1
10628,1
10629,0
10630,0
10631,1
10632,0
10633,0
10634,1
10635,1
10636,1
10637,1
10638,1
10639,1
10640,1
10641,1
10642,0
10643,1
10644,1
10645,0
10646,1
10647,1
10648,1
10649,0
10650,0
10651,1
10652,1
10653,1
10654,1
10655,1
10656,0
10657,1
10658,1
10659,0
10660,1
10661,1
10662,1
10663,1
10664,0
10665,1
10666,1
10667,1
10668,0
10669,1
10670,1
10671,1
10672,1
10673,0
10674,1
10675,1
10676,1
10677,1
10678,0
10679,1
10680,1
10681,0
10682,0
10683,1
10684,1
10685,1
10686,1
10687,1
10688,1
10689,0
10690,1
10691,1
10692,1
10693,0
10694,0
10695,0
10696,1
10697,1
10698,1
10699,1
10700,1
10701,1
10702,1
10703,1
10704,0
10705,1
10706,1
10707,0
10708,1
10709,1
10710,0
10711,1
10712,0
10713,1
10714,0
10715,0
10716,1
10717,1
10718,1
10719,1
10720,0
10721,1
10722,1
10723,1
10724,0
10725,1
10726,1
10727,0
10728,0
10729,1
10730,1
10731,1
10732,1
10733,1
10734,1
10735,1
10736,1
10737,0
10738,1
10739,1
10740,0
10741,1
10742,0
10743,1
10744,1
10745,0
10746,1
10747,1
10748,1
10749,1
10750,0
10751,1
10752,1
10753,1
10754,1
10755,0
10756,1
10757,1
10758,1
10759,1
10760,0
10761,1
10762,1
10763,0
10764,1
10765,1
10766,0
10767,0
10768,1
10769,1
10770,1
10771,0
10772,1
10773,1
10774,1
10775,1
10776,0
10777,1
10778,1
10779,1
10780,0
10781,0
10782,1
10783,0
10784,1
10785,1
10786,1
10787,1
10788,1
10789,1
10790,1
10791,1
10792,0
10793,1
10794,0
10795,1
10796,1
10797,1
10798,0
10799,1
10800,1
10801,0
10802,1
10803,0
10804,0
10805,1
10806,1
10807,0
10808,1
10809,1
10810,1
10811,0
10812,0
10813,1
10814,1
10815,0
10816,1
10817,1
10818,1
10819,0
10820,1
10821,0
10822,1
10823,1
10824,0
10825,1
10826,0
10827,0
10828,0
10829,1
10830,1
10831,1
10832,1
10833,1
10834,1
10835,0
10836,1
10837,1
10838,1
10839,1
10840,0
10841,1
10842,0
10843,1
10844,0
10845,1
10846,1
10847,1
10848,0
10849,1
10850,0
10851,0
10852,1
10853,1
10854,0
10855,0
10856,1
10857,1
10858,1
10859,0
10860,1
10861,0
10862,0
10863,1
10864,1
10865,1
10866,0
10867,1
10868,1
10869,1
10870,0
10871,1
10872,1
10873,1
10874,0
10875,0
10876,1
10877,1
10878,0
10879,1
10880,1
10881,0
10882,1
10883,1
10884,1
10885,0
10886,1
10887,0
10888,0
10889,0
10890,1
10891,1
10892,0
10893,0
10894,1
10895,1
10896,1
10897,0
10898,1
10899,0
10900,1
10901,1
10902,1
10903,1
10904,1
10905,0
10906,0
10907,1
10908,1
10909,1
10910,1
10911,0
10912,1
10913,1
10914,1
10915,0
10916,0
10917,1
10918,0
10919,1
10920,1
10921,1
10922,1
10923,0
10924,0
10925,0
10926,1
10927,0
10928,0
10929,1
10930,1
10931,0
10932,1
10933,1
10934,0
10935,0
10936,1
10937,1
10938,0
10939,1
10940,1
10941,1
10942,1
10943,1
10944,0
10945,1
10946,1
10947,1
10948,1
10949,1
10950,1
10951,1
10952,1
10953,1
10954,0
10955,1
10956,0
10957,1
10958,1
10959,1
10960,1
10961,1
10962,1
10963,1
10964,1
10965,1
10966,1
10967,0
10968,0
10969,1
10970,1
10971,0
10972,0
10973,1
10974,1
10975,0
10976,1
10977,1
10978,1
10979,1
10980,1
10981,1
10982,0
10983,1
10984,0
10985,1
10986,1
10987,1
10988,1
10989,1
10990,0
10991,1
10992,1
10993,1
10994,1
10995,1
10996,1
10997,0
10998,1
10999,0
11000,1
11001,1
11002,1
11003,1
11004,0
11005,0
11006,0
11007,1
11008,1
11009,1
11010,1
11011,1
11012,1
11013,1
11014,0
11015,1
11016,0
11017,1
11018,1
11019,1
11020,0
11021,1
11022,1
11023,1
11024,1
11025,1
11026,0
11027,1
11028,1
11029,0
11030,0
11031,1
11032,0
11033,1
11034,1
11035,0
11036,1
11037,0
11038,0
11039,1
11040,1
11041,0
11042,1
11043,1
11044,1
11045,1
11046,0
11047,1
11048,0
11049,1
11050,0
11051,1
11052,1
11053,1
11054,1
11055,0
11056,1
11057,1
11058,1
11059,0
11060,1
11061,1
11062,1
11063,1
11064,1
11065,1
11066,1
11067,0
11068,1
11069,1
11070,0
11071,1
11072,1
11073,0
11074,0
11075,1
11076,1
11077,0
11078,1
11079,1
11080,1
11081,1
11082,1
11083,1
11084,0
11085,0
11086,1
11087,1
11088,0
11089,1
11090,1
11091,1
11092,0
11093,1
11094,0
11095,0
11096,1
11097,1
11098,1
11099,0
11100,1
11101,0
11102,1
11103,0
11104,1
11105,0
11106,1
11107,0
11108,1
11109,1
11110,1
11111,0
11112,1
11113,1
11114,1
11115,1
11116,0
11117,1
11118,1
11119,0
11120,1
11121,1
11122,0
11123,0
11124,1
11125,0
11126,0
11127,1
11128,1
11129,1
11130,0
11131,1
11132,1
11133,1
11134,1
11135,0
11136,1
11137,1
11138,0
11139,0
11140,0
11141,0
11142,1
11143,1
11144,1
11145,1
11146,1
11147,1
11148,1
11149,1
11150,0
11151,0
11152,0
11153,0
11154,1
11155,0
11156,0
11157,0
11158,1
11159,1
11160,1
11161,1
11162,0
11163,1
11164,0
11165,1
11166,1
11167,1
11168,0
11169,0
11170,1
11171,1
11172,0
11173,1
11174,0
11175,0
11176,1
11177,1
11178,1
11179,0
11180,1
11181,1
11182,0
11183,0
11184,1
11185,1
11186,1
11187,0
11188,1
11189,1
11190,0
11191,0
11192,1
11193,1
11194,0
11195,0
11196,1
11197,0
11198,1
11199,1
11200,0
11201,1
11202,1
11203,0
11204,0
11205,0
11206,1
11207,1
11208,1
11209,1
11210,1
11211,1
11212,1
11213,1
11214,0
11215,1
11216,0
11217,0
11218,1
11219,0
11220,0
11221,1
11222,1
11223,0
11224,0
11225,1
11226,1
11227,0
11228,0
11229,0
11230,1
11231,0
11232,1
11233,1
11234,1
11235,1
11236,1
11237,1
11238,1
11239,1
11240,1
11241,0
11242,1
11243,1
11244,1
11245,0
11246,1
11247,1
11248,1
11249,1
11250,1
11251,0
11252,1
11253,1
11254,1
11255,1
11256,0
11257,1
11258,1
11259,0
11260,1
11261,1
11262,0
11263,1
11264,1
11265,0
11266,1
11267,0
11268,1
11269,1
11270,0
11271,1
11272,0
11273,1
11274,0
11275,1
11276,1
11277,1
11278,0
11279,0
11280,1
11281,0
11282,1
11283,1
11284,1
11285,0
11286,1
11287,1
11288,1
11289,1
11290,1
11291,1
11292,0
11293,0
11294,1
11295,1
11296,1
11297,1
11298,1
11299,1
11300,1
11301,1
11302,0
11303,1
11304,1
11305,1
11306,1
11307,0
11308,0
11309,1
11310,0
11311,1
11312,1
11313,1
11314,1
11315,1
11316,1
11317,1
11318,1
11319,0
11320,0
11321,1
11322,1
11323,0
11324,0
11325,1
11326,0
11327,1
11328,1
11329,1
11330,1
11331,1
11332,1
11333,1
11334,1
11335,0
11336,0
11337,0
11338,1
11339,1
11340,1
11341,0
11342,1
11343,0
11344,1
11345,1
11346,1
11347,0
11348,0
11349,0
11350,0
11351,1
11352,1
11353,1
11354,0
11355,1
11356,0
11357,1
11358,1
11359,1
11360,1
11361,1
11362,1
11363,1
11364,0
11365,0
11366,1
11367,0
11368,1
11369,1
11370,0
11371,0
11372,1
11373,1
11374,1
11375,1
11376,0
11377,1
11378,0
11379,0
11380,0
11381,1
11382,1
11383,1
11384,1
11385,1
11386,0
11387,0
11388,1
11389,1
11390,1
11391,1
11392,0
11393,1
11394,1
11395,1
11396,0
11397,1
11398,0
11399,1
11400,1
11401,1
11402,1
11403,1
11404,1
11405,1
11406,1
11407,0
11408,0
11409,0
11410,1
11411,1
11412,1
11413,1
11414,1
11415,1
11416,1
11417,1
11418,1
11419,1
11420,0
11421,1
11422,0
11423,1
11424,1
11425,1
11426,1
11427,1
11428,1
11429,0
11430,0
11431,0
11432,1
11433,1
11434,1
11435,0
11436,1
11437,1
11438,1
11439,1
11440,1
11441,1
11442,0
11443,1
11444,1
11445,1
11446,0
11447,1
11448,1
11449,1
11450,1
11451,1
11452,0
11453,0
11454,1
11455,1
11456,1
11457,1
11458,1
11459,1
11460,1
11461,0
11462,0
11463,1
11464,1
11465,1
11466,0
11467,1
11468,0
11469,1
11470,1
11471,1
11472,1
11473,0
11474,0
11475,0
11476,0
11477,0
11478,0
11479,0
11480,0
11481,0
11482,1
11483,1
11484,1
11485,0
11486,1
11487,0
11488,1
11489,0
11490,1
11491,1
11492,0
11493,1
11494,1
11495,1
11496,0
11497,1
11498,0
11499,0
11500,1
11501,0
11502,0
11503,0
11504,1
11505,1
11506,1
11507,0
11508,1
11509,1
11510,1
11511,0
11512,1
11513,1
11514,1
11515,0
11516,1
11517,0
11518,1
11519,1
11520,0
11521,1
11522,1
11523,0
11524,1
11525,1
11526,1
11527,1
11528,1
11529,0
11530,1
11531,0
11532,0
11533,1
11534,1
11535,1
11536,1
11537,1
11538,1
11539,1
11540,1
11541,1
11542,0
11543,1
11544,0
11545,0
11546,1
11547,0
11548,1
11549,0
11550,0
11551,1
11552,1
11553,0
11554,1
11555,1
11556,0
11557,1
11558,0
11559,1
11560,0
11561,1
11562,0
11563,1
11564,0
11565,0
11566,1
11567,1
11568,1
11569,1
11570,1
11571,1
11572,1
11573,0
11574,0
11575,1
11576,1
11577,0
11578,1
11579,1
11580,1
11581,1
11582,1
11583,1
11584,1
11585,1
11586,0
11587,1
11588,1
11589,1
11590,0
11591,1
11592,0
11593,1
11594,1
11595,0
11596,1
11597,1
11598,1
11599,0
11600,1
11601,1
11602,1
11603,1
11604,1
11605,1
11606,1
11607,0
11608,1
11609,0
11610,1
11611,1
11612,1
11613,1
11614,1
11615,1
11616,0
11617,1
11618,1
11619,1
11620,0
11621,1
11622,0
11623,1
11624,1
11625,1
11626,0
11627,1
11628,0
11629,0
11630,0
11631,1
11632,0
11633,1
11634,1
11635,1
11636,1
11637,1
11638,1
11639,1
11640,0
11641,0
11642,1
11643,1
11644,0
11645,1
11646,1
11647,1
11648,1
11649,0
11650,1
11651,0
11652,1
11653,1
11654,1
11655,1
11656,1
11657,1
11658,1
11659,1
11660,1
11661,1
11662,0
11663,0
11664,1
11665,1
11666,0
11667,0
11668,1
11669,1
11670,1
11671,1
11672,0
11673,0
11674,1
11675,1
11676,1
11677,1
11678,0
11679,1
11680,1
11681,1
11682,1
11683,0
11684,0
11685,0
11686,1
11687,0
11688,1
11689,1
11690,1
11691,1
11692,1
11693,0
11694,1
11695,1
11696,1
11697,0
11698,1
11699,1
11700,0
11701,1
11702,0
11703,1
11704,0
11705,1
11706,1
11707,1
11708,0
11709,1
11710,1
11711,1
11712,1
11713,0
11714,1
11715,0
11716,0
11717,0
11718,1
11719,0
11720,1
11721,1
11722,1
11723,0
11724,1
11725,1
11726,1
11727,0
11728,0
11729,0
11730,1
11731,0
11732,1
11733,1
11734,1
11735,0
11736,1
11737,1
11738,1
11739,1
11740,0
11741,1
11742,1
11743,0
11744,0
11745,0
11746,1
11747,1
11748,1
11749,1
11750,0
11751,0
11752,0
11753,0
11754,0
11755,0
11756,1
11757,1
11758,0
11759,1
11760,1
11761,1
11762,0
11763,0
11764,0
11765,1
11766,1
11767,1
11768,1
11769,0
11770,1
11771,1
11772,0
11773,0
11774,1
11775,1
11776,0
11777,1
11778,1
11779,0
11780,1
11781,0
11782,1
11783,1
11784,0
11785,1
11786,0
11787,1
11788,1
11789,1
11790,0
11791,1
11792,1
11793,1
11794,0
11795,1
11796,1
11797,0
11798,1
11799,0
11800,1
11801,1
11802,1
11803,0
11804,0
11805,0
11806,1
11807,1
11808,1
11809,0
11810,1
11811,1
11812,0
11813,0
11814,1
11815,1
11816,0
11817,1
11818,1
11819,1
11820,1
11821,1
11822,0
11823,0
11824,1
11825,1
11826,0
11827,1
11828,1
11829,1
11830,1
11831,1
11832,1
11833,1
11834,0
11835,1
11836,1
11837,1
11838,0
11839,1
11840,1
11841,1
11842,0
11843,1
11844,0
11845,0
11846,1
11847,0
11848,1
11849,0
11850,1
11851,1
11852,1
11853,0
11854,0
11855,1
11856,1
11857,1
11858,0
11859,1
11860,1
11861,1
11862,1
11863,0
11864,1
11865,0
11866,1
11867,0
11868,1
11869,1
11870,0
11871,0
11872,0
11873,1
11874,1
11875,0
11876,1
11877,1
11878,0
11879,1
11880,0
11881,0
11882,1
11883,1
11884,1
11885,0
11886,1
11887,1
11888,1
11889,0
11890,1
11891,1
11892,1
11893,0
11894,0
11895,0
11896,1
11897,0
11898,1
11899,1
11900,0
11901,1
11902,1
11903,0
11904,0
11905,1
11906,1
11907,1
11908,0
11909,1
11910,1
11911,0
11912,0
11913,1
11914,0
11915,0
11916,1
11917,1
11918,1
11919,1
11920,0
11921,0
11922,1
11923,1
11924,0
11925,1
11926,1
11927,1
11928,1
11929,1
11930,1
11931,1
11932,1
11933,0
11934,1
11935,0
11936,1
11937,1
11938,1
11939,1
11940,1
11941,1
11942,1
11943,1
11944,1
11945,1
11946,1
11947,0
11948,0
11949,1
11950,0
11951,1
11952,0
11953,1
11954,1
11955,0
11956,1
11957,0
11958,1
11959,0
11960,1
11961,0
11962,0
11963,0
11964,1
11965,1
11966,0
11967,0
11968,0
11969,1
11970,1
11971,0
11972,1
11973,0
11974,1
11975,0
11976,1
11977,1
11978,1
11979,1
11980,1
11981,1
11982,1
11983,0
11984,1
11985,0
11986,1
11987,0
11988,1
11989,1
11990,1
11991,1
11992,1
11993,0
11994,1
11995,1
11996,1
11997,1
11998,1
11999,0
12000,1
12001,1
12002,1
12003,1
12004,0
12005,1
12006,1
12007,1
12008,0
12009,1
12010,1
12011,0
12012,0
12013,1
12014,0
12015,1
12016,1
12017,1
12018,1
12019,1
12020,1
12021,1
12022,0
12023,1
12024,1
12025,1
12026,1
12027,0
12028,0
12029,0
12030,1
12031,1
12032,1
12033,0
12034,1
12035,0
12036,1
12037,1
12038,1
12039,1
12040,0
12041,1
12042,0
12043,1
12044,1
12045,1
12046,1
12047,1
12048,0
12049,1
12050,1
12051,0
12052,1
12053,1
12054,0
12055,0
12056,1
12057,1
12058,0
12059,0
12060,1
12061,0
12062,0
12063,0
12064,1
12065,1
12066,1
12067,1
12068,0
12069,0
12070,0
12071,0
12072,1
12073,0
12074,1
12075,1
12076,0
12077,0
12078,1
12079,0
12080,0
12081,0
12082,1
12083,0
12084,1
12085,1
12086,0
12087,1
12088,0
12089,1
12090,1
12091,1
12092,1
12093,1
12094,1
12095,1
12096,1
12097,1
12098,1
12099,1
12100,1
12101,1
12102,0
12103,1
12104,1
12105,1
12106,1
12107,0
12108,1
12109,1
12110,1
12111,0
12112,1
12113,1
12114,1
12115,1
12116,0
12117,0
12118,1
12119,1
12120,0
12121,0
12122,1
12123,0
12124,1
12125,1
12126,0
12127,1
12128,0
12129,1
12130,1
12131,1
12132,1
12133,1
12134,1
12135,1
12136,0
12137,0
12138,1
12139,0
12140,1
12141,0
12142,1
12143,0
12144,0
12145,1
12146,0
12147,1
12148,1
12149,1
12150,1
12151,0
12152,1
12153,0
12154,0
12155,1
12156,1
12157,1
12158,0
12159,1
12160,1
12161,1
12162,1
12163,0
12164,1
12165,1
12166,1
12167,1
12168,1
12169,0
12170,0
12171,0
12172,1
12173,1
12174,1
12175,1
12176,0
12177,1
12178,1
12179,0
12180,1
12181,1
12182,1
12183,1
12184,1
12185,0
12186,0
12187,1
12188,1
12189,0
12190,0
12191,1
12192,1
12193,1
12194,1
12195,0
12196,1
12197,1
12198,1
12199,0
12200,1
12201,0
12202,0
12203,1
12204,1
12205,1
12206,1
12207,0
12208,0
12209,0
12210,0
12211,1
12212,0
12213,0
12214,1
12215,0
12216,0
12217,1
12218,0
12219,1
12220,1
12221,0
12222,1
12223,0
12224,1
12225,1
12226,1
12227,0
12228,1
12229,1
12230,0
12231,1
12232,1
12233,1
12234,1
12235,0
12236,0
12237,1
12238,1
12239,1
12240,0
12241,1
12242,1
12243,1
12244,0
12245,0
12246,0
12247,0
12248,1
12249,1
12250,1
12251,0
12252,1
12253,1
12254,0
12255,1
12256,1
12257,0
12258,1
12259,0
12260,1
12261,1
12262,1
12263,0
12264,0
12265,0
12266,1
12267,0
12268,1
12269,0
12270,1
12271,1
12272,1
12273,1
12274,1
12275,1
12276,0
12277,1
12278,1
12279,1
12280,1
12281,1
12282,0
12283,1
12284,0
12285,1
12286,1
12287,1
12288,1
12289,1
12290,1
12291,0
12292,0
12293,1
12294,0
12295,0
12296,0
12297,1
12298,0
12299,1
12300,0
12301,0
12302,0
12303,1
12304,1
12305,1
12306,1
12307,1
12308,0
12309,0
12310,1
12311,1
12312,1
12313,1
12314,0
12315,1
12316,1
12317,0
12318,1
12319,0
12320,1
12321,1
12322,0
12323,1
12324,1
12325,0
12326,1
12327,1
12328,1
12329,0
12330,1
12331,1
12332,0
12333,1
12334,1
12335,1
12336,1
12337,1
12338,1
12339,1
12340,1
12341,1
12342,0
12343,1
12344,1
12345,0
12346,1
12347,1
12348,0
12349,0
12350,1
12351,1
12352,1
12353,1
12354,1
12355,1
12356,1
12357,1
12358,0
12359,0
12360,0
12361,1
12362,1
12363,1
12364,1
12365,0
12366,0
12367,0
12368,1
12369,0
12370,0
12371,1
12372,0
12373,1
12374,0
12375,1
12376,0
12377,0
12378,1
12379,1
12380,0
12381,0
12382,1
12383,1
12384,1
12385,1
12386,1
12387,1
12388,1
12389,0
12390,1
12391,1
12392,1
12393,0
12394,0
12395,1
12396,1
12397,1
12398,1
12399,1
12400,1
12401,0
12402,0
12403,1
12404,0
12405,1
12406,1
12407,0
12408,0
12409,1
12410,0
12411,0
12412,0
12413,1
12414,0
12415,0
12416,0
12417,1
12418,1
12419,0
12420,1
12421,1
12422,1
12423,0
12424,1
12425,0
12426,0
12427,1
12428,1
12429,0
12430,0
12431,1
12432,0
12433,0
12434,0
12435,1
12436,0
12437,1
12438,0
12439,1
12440,1
12441,1
12442,0
12443,1
12444,0
12445,1
12446,0
12447,0
12448,1
12449,1
12450,0
12451,1
12452,1
12453,0
12454,1
12455,1
12456,0
12457,1
12458,0
12459,1
12460,1
12461,1
12462,1
12463,0
12464,0
12465,1
12466,1
12467,0
12468,0
12469,0
12470,1
12471,0
12472,1
12473,1
12474,1
12475,1
12476,0
12477,0
12478,0
12479,0
12480,1
12481,1
12482,0
12483,1
12484,0
12485,1
12486,1
12487,0
12488,1
12489,1
12490,1
12491,1
12492,0
12493,1
12494,1
12495,1
12496,1
12497,1
12498,1
12499,0
12500,1
12501,1
12502,1
12503,1
12504,0
12505,1
12506,0
12507,1
12508,1
12509,1
12510,1
12511,0
12512,1
12513,0
12514,0
12515,0
12516,0
12517,1
12518,0
12519,1
12520,1
12521,0
12522,1
12523,0
12524,1
12525,1
12526,1
12527,1
12528,1
12529,1
12530,0
12531,0
12532,1
12533,1
12534,1
12535,1
12536,0
12537,0
12538,1
12539,0
12540,1
12541,0
12542,0
12543,0
12544,1
12545,1
12546,0
12547,0
12548,0
12549,1
12550,1
12551,1
12552,0
12553,0
12554,1
12555,0
12556,1
12557,1
12558,1
12559,1
12560,0
12561,0
12562,0
12563,1
12564,1
12565,1
12566,1
12567,1
12568,1
12569,1
12570,0
12571,1
12572,0
12573,1
12574,1
12575,1
12576,0
12577,1
12578,0
12579,1
12580,1
12581,0
12582,1
12583,0
12584,0
12585,1
12586,0
12587,0
12588,1
12589,1
12590,1
12591,1
12592,0
12593,0
12594,1
12595,1
12596,1
12597,1
12598,1
12599,1
12600,1
12601,1
12602,1
12603,0
12604,0
12605,1
12606,1
12607,0
12608,1
12609,1
12610,1
12611,1
12612,0
12613,1
12614,1
12615,1
12616,1
12617,1
12618,1
12619,1
12620,0
12621,1
12622,1
12623,1
12624,1
12625,0
12626,1
12627,1
12628,0
12629,0
12630,0
12631,0
12632,0
12633,0
12634,1
12635,1
12636,1
12637,0
12638,1
12639,1
12640,1
12641,0
12642,0
12643,1
12644,0
12645,1
12646,1
12647,1
12648,0
12649,1
12650,1
12651,1
12652,0
12653,1
12654,0
12655,0
12656,1
12657,0
12658,1
12659,1
12660,1
12661,1
12662,1
12663,1
12664,1
12665,0
12666,1
12667,1
12668,0
12669,1
12670,1
12671,0
12672,1
12673,1
12674,1
12675,1
12676,0
12677,1
12678,1
12679,1
12680,0
12681,0
12682,1
12683,0
12684,0
12685,1
12686,1
12687,0
12688,1
12689,0
12690,0
12691,1
12692,1
12693,0
12694,1
12695,1
12696,0
12697,0
12698,1
12699,1
12700,1
12701,0
12702,0
12703,1
12704,1
12705,0
12706,1
12707,1
12708,0
12709,1
12710,0
12711,1
12712,1
12713,1
12714,1
12715,0
12716,1
12717,0
12718,1
12719,1
12720,1
12721,1
12722,0
12723,0
12724,1
12725,1
12726,1
12727,1
12728,1
12729,1
12730,1
12731,1
12732,1
12733,0
12734,1
12735,1
12736,1
12737,1
12738,1
12739,1
12740,1
12741,1
12742,1
12743,0
12744,0
12745,1
12746,0
12747,1
12748,1
12749,0
12750,1
12751,0
12752,1
12753,0
12754,1
12755,1
12756,0
12757,0
12758,1
12759,1
12760,1
12761,1
12762,0
12763,1
12764,1
12765,1
12766,1
12767,1
12768,1
12769,0
12770,0
12771,0
12772,0
12773,0
12774,1
12775,1
12776,1
12777,0
12778,1
12779,1
12780,1
12781,1
12782,0
12783,0
12784,0
12785,1
12786,1
12787,1
12788,1
12789,0
12790,1
12791,0
12792,0
12793,0
12794,1
12795,1
12796,0
12797,1
12798,0
12799,1
12800,1
12801,1
12802,0
12803,1
12804,0
12805,1
12806,1
12807,0
12808,0
12809,1
12810,0
12811,1
12812,0
12813,1
12814,0
12815,1
12816,0
12817,1
12818,1
12819,1
12820,1
12821,1
12822,1
12823,0
12824,1
12825,1
12826,0
12827,1
12828,0
12829,1
12830,1
12831,1
12832,0
12833,1
12834,1
12835,1
12836,0
12837,1
12838,1
12839,1
12840,1
12841,1
12842,0
12843,0
12844,1
12845,1
12846,1
12847,1
12848,0
12849,1
12850,1
12851,1
12852,1
12853,1
12854,1
12855,1
12856,1
12857,1
12858,1
12859,0
12860,1
12861,0
12862,1
12863,1
12864,1
12865,0
12866,0
12867,0
12868,1
12869,1
12870,1
12871,1
12872,0
12873,1
12874,1
12875,0
12876,1
12877,1
12878,0
12879,0
12880,1
12881,1
12882,1
12883,1
12884,1
12885,1
12886,0
12887,0
12888,0
12889,1
12890,1
12891,0
12892,1
12893,1
12894,1
12895,0
12896,1
12897,1
12898,0
12899,1
12900,0
12901,1
12902,1
12903,1
12904,1
12905,0
12906,1
12907,0
12908,1
12909,1
12910,1
12911,1
12912,1
12913,0
12914,0
12915,1
12916,1
12917,1
12918,1
12919,0
12920,0
12921,0
12922,1
12923,0
12924,0
12925,1
12926,0
12927,1
12928,1
12929,1
12930,1
12931,1
12932,0
12933,1
12934,1
12935,1
12936,0
12937,1
12938,1
12939,0
12940,1
12941,0
12942,1
12943,1
12944,1
12945,1
12946,1
12947,1
12948,1
12949,1
12950,1
12951,1
12952,1
12953,0
12954,0
12955,1
12956,1
12957,1
12958,1
12959,0
12960,1
12961,1
12962,1
12963,1
12964,0
12965,0
12966,0
12967,1
12968,0
12969,1
12970,0
12971,1
12972,0
12973,1
12974,1
12975,1
12976,1
12977,1
12978,1
12979,1
12980,1
12981,1
12982,1
12983,1
12984,1
12985,1
12986,1
12987,1
12988,1
12989,1
12990,0
12991,0
12992,1
12993,1
12994,0
12995,0
12996,1
12997,1
12998,0
12999,0
13000,1
13001,1
13002,1
13003,0
13004,1
13005,0
13006,1
13007,1
13008,1
13009,1
13010,0
13011,1
13012,1
13013,1
13014,1
13015,1
13016,0
13017,1
13018,1
13019,1
13020,1
13021,1
13022,0
13023,1
13024,1
13025,0
13026,1
13027,1
13028,0
13029,1
13030,1
13031,1
13032,1
13033,0
13034,0
13035,0
13036,0
13037,1
13038,1
13039,0
13040,0
13041,1
13042,1
13043,1
13044,0
13045,1
13046,1
13047,1
13048,1
13049,0
13050,0
13051,0
13052,1
13053,1
13054,1
13055,1
13056,1
13057,1
13058,1
13059,1
13060,1
13061,1
13062,1
13063,1
13064,1
13065,1
13066,1
13067,0
13068,0
13069,0
13070,1
13071,0
13072,1
13073,1
13074,1
13075,1
13076,0
13077,0
13078,1
13079,1
13080,1
13081,1
13082,1
13083,1
13084,1
13085,1
13086,1
13087,1
13088,1
13089,1
13090,1
13091,1
13092,1
13093,1
13094,0
13095,1
13096,1
13097,1
13098,1
13099,1
13100,1
13101,1
13102,1
13103,1
13104,1
13105,0
13106,0
13107,0
13108,0
13109,0
13110,1
13111,1
13112,1
13113,1
13114,1
13115,1
13116,1
13117,1
13118,0
13119,1
13120,1
13121,1
13122,0
13123,0
13124,0
13125,1
13126,1
13127,1
13128,1
13129,1
13130,1
13131,1
13132,0
13133,1
13134,1
13135,1
13136,1
13137,1
13138,0
13139,1
13140,0
13141,0
13142,1
13143,0
13144,1
13145,1
13146,1
13147,1
13148,1
13149,1
13150,1
13151,1
13152,0
13153,1
13154,0
13155,1
13156,0
13157,1
13158,1
13159,1
13160,0
13161,0
13162,0
13163,1
13164,0
13165,0
13166,1
13167,1
13168,0
13169,0
13170,1
13171,0
13172,1
13173,0
13174,1
13175,1
13176,0
13177,1
13178,1
13179,1
13180,0
13181,1
13182,1
13183,1
13184,0
13185,1
13186,0
13187,0
13188,1
13189,1
13190,1
13191,0
13192,0
13193,1
13194,0
13195,0
13196,1
13197,1
13198,1
13199,1
13200,0
13201,1
13202,0
13203,1
13204,1
13205,1
13206,0
13207,1
13208,1
13209,1
13210,1
13211,0
13212,0
13213,1
13214,0
13215,1
13216,1
13217,1
13218,0
13219,1
13220,0
13221,0
13222,1
13223,1
13224,1
13225,1
13226,0
13227,1
13228,1
13229,0
13230,1
13231,0
13232,1
13233,1
13234,0
13235,1
13236,1
13237,0
13238,1
13239,0
13240,1
13241,1
13242,0
13243,0
13244,0
13245,0
13246,1
13247,1
13248,0
13249,1
13250,1
13251,1
13252,0
13253,0
13254,1
13255,1
13256,1
13257,1
13258,1
13259,0
13260,0
13261,1
13262,0
13263,1
13264,1
13265,1
13266,0
13267,0
13268,1
13269,1
13270,1
13271,1
13272,0
13273,1
13274,0
13275,1
13276,1
13277,1
13278,0
13279,1
13280,0
13281,1
13282,0
13283,1
13284,1
13285,1
13286,1
13287,1
13288,0
13289,1
13290,1
13291,1
13292,0
13293,1
13294,1
13295,0
13296,1
13297,1
13298,1
13299,0
13300,1
13301,0
13302,0
13303,1
13304,1
13305,1
13306,1
13307,0
13308,0
13309,1
13310,1
13311,1
13312,0
13313,1
13314,1
13315,1
13316,0
13317,1
13318,0
13319,0
13320,1
13321,1
13322,0
13323,1
13324,1
13325,1
13326,1
13327,1
13328,1
13329,0
13330,1
13331,0
13332,1
13333,1
13334,0
13335,1
13336,1
13337,1
13338,0
13339,0
13340,1
13341,0
13342,0
13343,1
13344,0
13345,1
13346,1
13347,0
13348,0
13349,1
13350,1
13351,0
13352,1
13353,0
13354,1
13355,1
13356,0
13357,1
13358,0
13359,1
13360,1
13361,0
13362,0
13363,0
13364,1
13365,0
13366,0
13367,1
13368,1
13369,0
13370,1
13371,1
13372,1
13373,1
13374,1
13375,1
13376,0
13377,1
13378,1
13379,1
13380,1
13381,0
13382,1
13383,1
13384,1
13385,0
13386,0
13387,1
13388,1
13389,0
13390,0
13391,1
13392,0
13393,1
13394,0
13395,1
13396,1
13397,1
13398,0
13399,1
13400,1
13401,1
13402,1
13403,1
13404,1
13405,1
13406,1
13407,0
13408,1
13409,0
13410,0
13411,1
13412,1
13413,1
13414,0
13415,0
13416,1
13417,1
13418,1
13419,0
13420,0
13421,1
13422,1
13423,1
13424,0
13425,1
13426,1
13427,0
13428,1
13429,1
13430,0
13431,1
13432,1
13433,1
13434,0
13435,1
13436,1
13437,0
13438,1
13439,0
13440,0
13441,1
13442,0
13443,1
13444,1
13445,0
13446,0
13447,1
13448,1
13449,0
13450,0
13451,1
13452,1
13453,0
13454,0
13455,1
13456,1
13457,1
13458,1
13459,1
13460,1
13461,0
13462,1
13463,1
13464,1
13465,1
13466,1
13467,0
13468,1
13469,1
13470,0
13471,1
13472,0
13473,1
13474,1
13475,1
13476,1
13477,1
13478,1
13479,1
13480,1
13481,1
13482,0
13483,1
13484,1
13485,1
13486,1
13487,0
13488,1
13489,1
13490,1
13491,0
13492,0
13493,1
13494,0
13495,0
13496,1
13497,1
13498,0
13499,1
13500,1
13501,1
13502,1
13503,1
13504,1
13505,1
13506,1
13507,1
13508,1
13509,0
13510,1
13511,0
13512,1
13513,1
13514,1
13515,1
13516,0
13517,1
13518,0
13519,0
13520,0
13521,1
13522,1
13523,1
13524,1
13525,1
13526,1
13527,1
13528,0
13529,0
13530,0
13531,0
13532,1
13533,1
13534,1
13535,1
13536,0
13537,0
13538,1
13539,1
13540,1
13541,1
13542,0
13543,1
13544,1
13545,1
13546,1
13547,1
13548,1
13549,1
13550,1
13551,0
13552,1
13553,1
13554,0
13555,1
13556,1
13557,0
13558,0
13559,0
13560,1
13561,0
13562,1
13563,1
13564,0
13565,1
13566,1
13567,1
13568,1
13569,0
13570,1
13571,1
13572,1
13573,1
13574,1
13575,1
13576,1
13577,1
13578,1
13579,1
13580,1
13581,0
13582,0
13583,1
13584,0
13585,0
13586,1
13587,1
13588,0
13589,0
13590,1
13591,1
13592,1
13593,0
13594,0
13595,1
13596,0
13597,0
13598,1
13599,1
13600,0
13601,1
13602,0
13603,1
13604,0
13605,0
13606,1
13607,1
13608,0
13609,1
13610,0
13611,0
13612,1
13613,0
13614,1
13615,0
13616,1
13617,1
13618,1
13619,1
13620,1
13621,1
13622,1
13623,1
13624,1
13625,1
13626,1
13627,0
13628,1
13629,1
13630,0
13631,1
13632,0
13633,1
13634,1
13635,1
13636,0
13637,1
13638,1
13639,1
13640,1
13641,0
13642,0
13643,1
13644,1
13645,0
13646,1
13647,0
13648,1
13649,0
13650,1
13651,0
13652,0
13653,0
13654,1
13655,0
13656,0
13657,1
13658,1
13659,0
13660,1
13661,0
13662,1
13663,1
13664,1
13665,1
13666,0
13667,1
13668,0
13669,1
13670,1
13671,1
13672,1
13673,1
13674,1
13675,0
13676,0
13677,1
13678,0
13679,1
13680,1
13681,0
13682,0
13683,0
13684,1
13685,1
13686,0
13687,1
13688,1
13689,1
13690,0
13691,0
13692,1
13693,0
13694,1
13695,0
13696,0
13697,0
13698,1
13699,0
13700,0
13701,1
13702,0
13703,1
13704,0
13705,1
13706,0
13707,0
13708,0
13709,0
13710,0
13711,0
13712,1
13713,1
13714,0
13715,0
13716,1
13717,1
13718,1
13719,1
13720,1
13721,1
13722,1
13723,0
13724,0
13725,0
13726,0
13727,1
13728,1
13729,1
13730,0
13731,0
13732,1
13733,1
13734,1
13735,1
13736,1
13737,1
13738,0
13739,0
13740,0
13741,1
13742,1
13743,1
13744,1
13745,1
13746,1
13747,1
13748,1
13749,1
13750,0
13751,1
13752,1
13753,0
13754,1
13755,1
13756,1
13757,0
13758,1
13759,0
13760,1
13761,1
13762,1
13763,1
13764,0
13765,1
13766,1
13767,1
13768,0
13769,1
13770,1
13771,0
13772,0
13773,1
13774,0
13775,0
13776,0
13777,0
13778,1
13779,1
13780,0
13781,1
13782,0
13783,1
13784,1
13785,1
13786,1
13787,0
13788,1
13789,1
13790,0
13791,1
13792,0
13793,1
13794,1
13795,0
13796,1
13797,1
13798,0
13799,1
13800,1
13801,1
13802,0
13803,1
13804,1
13805,1
13806,1
13807,1
13808,1
13809,1
13810,1
13811,0
13812,1
13813,1
13814,0
13815,1
13816,0
13817,1
13818,1
13819,1
13820,0
13821,1
13822,1
13823,1
13824,1
13825,1
13826,1
13827,1
13828,1
13829,1
13830,1
13831,1
13832,1
13833,0
13834,0
13835,1
13836,1
13837,1
13838,0
13839,1
13840,1
13841,1
13842,0
13843,0
13844,0
13845,0
13846,1
13847,0
13848,1
13849,1
13850,0
13851,1
13852,0
13853,1
13854,0
13855,0
13856,1
13857,0
13858,1
13859,0
13860,1
13861,1
13862,0
13863,0
13864,1
13865,1
13866,1
13867,1
13868,1
13869,0
13870,0
13871,1
13872,0
13873,0
13874,0
13875,1
13876,1
13877,1
13878,1
13879,1
13880,0
13881,0
13882,1
13883,1
13884,1
13885,1
13886,1
13887,0
13888,0
13889,1
13890,0
13891,0
13892,0
13893,1
13894,0
13895,0
13896,0
13897,1
13898,1
13899,1
13900,1
13901,1
13902,0
13903,0
13904,1
13905,0
13906,0
13907,1
13908,1
13909,1
13910,1
13911,1
13912,1
13913,0
13914,1
13915,1
13916,0
13917,1
13918,1
13919,1
13920,1
13921,0
13922,1
13923,0
13924,1
13925,0
13926,1
13927,0
13928,1
13929,1
13930,0
13931,0
13932,1
13933,0
13934,1
13935,1
13936,0
13937,1
13938,1
13939,1
13940,0
13941,1
13942,0
13943,1
13944,0
13945,1
13946,1
13947,1
13948,1
13949,0
13950,0
13951,0
13952,1
13953,1
13954,1
13955,1
13956,1
13957,1
13958,0
13959,1
13960,0
13961,0
13962,1
13963,1
13964,0
13965,1
13966,1
13967,1
13968,1
13969,0
13970,1
13971,1
13972,0
13973,1
13974,1
13975,0
13976,1
13977,0
13978,0
13979,1
13980,1
13981,1
13982,1
13983,0
13984,0
13985,1
13986,0
13987,0
13988,0
13989,0
13990,0
13991,0
13992,0
13993,1
13994,1
13995,1
13996,1
13997,1
13998,1
13999,0
14000,1
14001,0
14002,0
14003,1
14004,0
14005,0
14006,1
14007,0
14008,1
14009,0
14010,0
14011,1
14012,0
14013,1
14014,1
14015,1
14016,1
14017,1
14018,1
14019,1
14020,0
14021,0
14022,0
14023,1
14024,0
14025,1
14026,0
14027,1
14028,1
14029,1
14030,1
14031,0
14032,1
14033,1
14034,1
14035,1
14036,1
14037,0
14038,0
14039,1
14040,1
14041,0
14042,1
14043,1
14044,1
14045,1
14046,1
14047,1
14048,0
14049,0
14050,1
14051,0
14052,1
14053,0
14054,1
14055,0
14056,1
14057,1
14058,1
14059,1
14060,0
14061,0
14062,1
14063,1
14064,0
14065,1
14066,0
14067,1
14068,0
14069,0
14070,1
14071,0
14072,1
14073,1
14074,1
14075,0
14076,0
14077,0
14078,0
14079,0
14080,0
14081,0
14082,1
14083,1
14084,0
14085,0
14086,0
14087,1
14088,1
14089,1
14090,1
14091,1
14092,1
14093,1
14094,1
14095,1
14096,1
14097,1
14098,1
14099,0
14100,0
14101,0
14102,1
14103,1
14104,1
14105,1
14106,1
14107,1
14108,1
14109,1
14110,0
14111,1
14112,1
14113,0
14114,1
14115,1
14116,0
14117,1
14118,0
14119,1
14120,1
14121,1
14122,1
14123,1
14124,1
14125,1
14126,0
14127,1
14128,0
14129,0
14130,1
14131,0
14132,0
14133,1
14134,1
14135,0
14136,1
14137,0
14138,1
14139,0
14140,0
14141,1
14142,1
14143,1
14144,0
14145,1
14146,0
14147,1
14148,1
14149,1
14150,1
14151,1
14152,0
14153,1
14154,1
14155,1
14156,0
14157,0
14158,1
14159,1
14160,1
14161,1
14162,1
14163,1
14164,0
14165,1
14166,1
14167,1
14168,0
14169,1
14170,1
14171,0
14172,0
14173,1
14174,0
14175,0
14176,0
14177,0
14178,1
14179,1
14180,1
14181,1
14182,1
14183,0
14184,0
14185,1
14186,1
14187,1
14188,1
14189,1
14190,0
14191,1
14192,1
14193,1
14194,0
14195,1
14196,0
14197,0
14198,0
14199,0
14200,0
14201,1
14202,1
14203,1
14204,0
14205,1
14206,1
14207,0
14208,1
14209,1
14210,1
14211,1
14212,1
14213,0
14214,1
14215,0
14216,0
14217,1
14218,0
14219,0
14220,1
14221,0
14222,0
14223,1
14224,1
14225,0
14226,1
14227,0
14228,0
14229,0
14230,0
14231,1
14232,0
14233,1
14234,1
14235,1
14236,1
14237,1
14238,1
14239,1
14240,1
14241,1
14242,1
14243,1
14244,1
14245,1
14246,1
14247,0
14248,1
14249,1
14250,0
14251,1
14252,1
14253,1
14254,0
14255,1
14256,1
14257,0
14258,1
14259,0
14260,0
14261,0
14262,1
14263,1
14264,0
14265,0
14266,1
14267,1
14268,1
14269,0
14270,1
14271,1
14272,0
14273,1
14274,0
14275,1
14276,1
14277,1
14278,1
14279,1
14280,0
14281,1
14282,1
14283,1
14284,0
14285,1
14286,1
14287,0
14288,1
14289,0
14290,1
14291,1
14292,1
14293,1
14294,0
14295,1
14296,1
14297,0
14298,1
14299,1
14300,0
14301,1
14302,0
14303,0
14304,1
14305,1
14306,1
14307,0
14308,1
14309,0
14310,0
14311,1
14312,0
14313,1
14314,1
14315,0
14316,1
14317,1
14318,1
14319,0
14320,1
14321,0
14322,0
14323,1
14324,1
14325,1
14326,1
14327,1
14328,0
14329,1
14330,1
14331,1
14332,1
14333,1
14334,1
14335,0
14336,0
14337,1
14338,1
14339,1
14340,1
14341,1
14342,1
14343,1
14344,1
14345,1
14346,1
14347,0
14348,1
14349,1
14350,1
14351,1
14352,0
14353,1
14354,1
14355,1
14356,1
14357,1
14358,1
14359,0
14360,1
14361,0
14362,1
14363,1
14364,1
14365,1
14366,1
14367,1
14368,1
14369,0
14370,0
14371,0
14372,1
14373,1
14374,0
14375,0
14376,1
14377,1
14378,0
14379,1
14380,1
14381,1
14382,1
14383,0
14384,1
14385,1
14386,0
14387,1
14388,1
14389,0
14390,0
14391,1
14392,1
14393,1
14394,1
14395,1
14396,0
14397,0
14398,0
14399,1
14400,1
14401,0
14402,1
14403,1
14404,1
14405,1
14406,1
14407,1
14408,1
14409,1
14410,1
14411,1
14412,1
14413,1
14414,1
14415,0
14416,1
14417,1
14418,1
14419,1
14420,1
14421,0
14422,0
14423,0
14424,1
14425,1
14426,1
14427,1
14428,1
14429,0
14430,0
14431,0
14432,1
14433,1
14434,0
14435,0
14436,0
14437,0
14438,0
14439,1
14440,1
14441,1
14442,0
14443,0
14444,0
14445,0
14446,0
14447,1
14448,1
14449,0
14450,1
14451,1
14452,0
14453,1
14454,1
14455,1
14456,1
14457,0
14458,1
14459,1
14460,1
14461,0
14462,0
14463,0
14464,0
14465,1
14466,1
14467,0
14468,0
14469,0
14470,1
14471,1
14472,1
14473,0
14474,0
14475,1
14476,0
14477,1
14478,1
14479,1
14480,1
14481,0
14482,0
14483,0
14484,1
14485,1
14486,0
14487,1
14488,1
14489,0
14490,0
14491,1
14492,1
14493,1
14494,1
14495,0
14496,1
14497,1
14498,1
14499,1
14500,0
14501,0
14502,1
14503,1
14504,0
14505,0
14506,1
14507,1
14508,0
14509,1
14510,1
14511,1
14512,1
14513,0
14514,1
14515,0
14516,1
14517,1
14518,1
14519,1
14520,0
14521,0
14522,1
14523,1
14524,1
14525,1
14526,1
14527,0
14528,1
14529,1
14530,1
14531,1
14532,1
14533,1
14534,1
14535,1
14536,0
14537,1
14538,0
14539,1
14540,1
14541,0
14542,1
14543,0
14544,1
14545,0
14546,1
14547,1
14548,0
14549,1
14550,0
14551,1
14552,1
14553,1
14554,1
14555,1
14556,1
14557,1
14558,0
14559,0
14560,1
14561,1
14562,0
14563,0
14564,0
14565,0
14566,1
14567,1
14568,1
14569,0
14570,1
14571,0
14572,1
14573,1
14574,1
14575,1
14576,1
14577,1
14578,1
14579,0
14580,1
14581,1
14582,1
14583,1
14584,0
14585,0
14586,0
14587,1
14588,1
14589,1
14590,1
14591,1
14592,1
14593,0
14594,0
14595,1
14596,0
14597,1
14598,1
14599,0
14600,1
14601,0
14602,1
14603,1
14604,1
14605,1
14606,1
14607,0
14608,1
14609,0
14610,1
14611,1
14612,1
14613,1
14614,0
14615,1
14616,1
14617,1
14618,1
14619,0
14620,0
14621,0
14622,1
14623,1
14624,1
14625,0
14626,0
14627,1
14628,0
14629,1
14630,0
14631,1
14632,1
14633,0
14634,0
14635,0
14636,0
14637,1
14638,1
14639,1
14640,1
14641,0
14642,0
14643,1
14644,1
14645,1
14646,1
14647,1
14648,1
14649,0
14650,0
14651,0
14652,0
14653,1
14654,1
14655,0
14656,1
14657,1
14658,1
14659,1
14660,1
14661,1
14662,1
14663,1
14664,0
14665,0
14666,1
14667,1
14668,1
14669,0
14670,1
14671,0
14672,0
14673,1
14674,0
14675,1
14676,1
14677,0
14678,1
14679,1
14680,1
14681,1
14682,0
14683,0
14684,1
14685,1
14686,1
14687,1
14688,1
14689,1
14690,0
14691,0
14692,0
14693,1
14694,1
14695,1
14696,0
14697,0
14698,1
14699,0
14700,0
14701,1
14702,1
14703,1
14704,1
14705,0
14706,0
14707,0
14708,1
14709,1
14710,1
14711,0
14712,1
14713,1
14714,1
14715,1
14716,1
14717,1
14718,0
14719,0
14720,1
14721,1
14722,1
14723,1
14724,1
14725,1
14726,1
14727,1
14728,1
14729,1
14730,0
14731,0
14732,1
14733,1
14734,0
14735,1
14736,1
14737,1
14738,1
14739,1
14740,1
14741,1
14742,1
14743,0
14744,1
14745,0
14746,0
14747,0
14748,1
14749,1
14750,0
14751,0
14752,0
14753,0
14754,0
14755,1
14756,1
14757,0
14758,1
14759,1
14760,1
14761,1
14762,0
14763,0
14764,1
14765,0
14766,1
14767,0
14768,0
14769,0
14770,1
14771,0
14772,1
14773,1
14774,1
14775,1
14776,1
14777,1
14778,1
14779,1
14780,0
14781,1
14782,1
14783,0
14784,0
14785,1
14786,0
14787,1
14788,0
14789,1
14790,0
14791,0
14792,1
14793,1
14794,0
14795,1
14796,1
14797,1
14798,1
14799,1
14800,1
14801,1
14802,1
14803,1
14804,1
14805,0
14806,0
14807,0
14808,1
14809,0
14810,0
14811,1
14812,1
14813,0
14814,1
14815,1
14816,1
14817,1
14818,1
14819,1
14820,0
14821,1
14822,0
14823,1
14824,1
14825,0
14826,1
14827,0
14828,1
14829,1
14830,0
14831,1
14832,1
14833,0
14834,1
14835,1
14836,1
14837,1
14838,1
14839,1
14840,1
14841,1
14842,1
14843,1
14844,1
14845,0
14846,1
14847,1
14848,0
14849,1
14850,1
14851,1
14852,1
14853,1
14854,0
14855,1
14856,0
14857,0
14858,0
14859,1
14860,1
14861,1
14862,1
14863,1
14864,1
14865,1
14866,0
14867,1
14868,0
14869,1
14870,1
14871,1
14872,1
14873,0
14874,1
14875,0
14876,0
14877,1
14878,1
14879,0
14880,1
14881,0
14882,1
14883,1
14884,1
14885,1
14886,0
14887,0
14888,0
14889,0
14890,1
14891,1
14892,1
14893,1
14894,0
14895,1
14896,1
14897,1
14898,0
14899,1
14900,0
14901,1
14902,1
14903,1
14904,1
14905,0
14906,1
14907,0
14908,1
14909,0
14910,1
14911,1
14912,0
14913,0
14914,1
14915,0
14916,1
14917,1
14918,1
14919,1
14920,1
14921,1
14922,1
14923,0
14924,1
14925,1
14926,1
14927,1
14928,1
14929,1
14930,1
14931,1
14932,1
14933,1
14934,0
14935,0
14936,1
14937,0
14938,1
14939,1
14940,1
14941,0
14942,1
14943,1
14944,1
14945,1
14946,1
14947,1
14948,0
14949,0
14950,0
14951,1
14952,1
14953,1
14954,1
14955,1
14956,1
14957,1
14958,0
14959,0
14960,0
14961,0
14962,1
14963,1
14964,0
14965,1
14966,1
14967,1
14968,1
14969,1
14970,1
14971,1
14972,0
14973,0
14974,0
14975,0
14976,1
14977,1
14978,0
14979,0
14980,1
14981,1
14982,1
14983,1
14984,0
14985,0
14986,0
14987,1
14988,1
14989,0
14990,1
14991,1
14992,1
14993,1
14994,1
14995,1
14996,1
14997,0
14998,1
14999,0
15000,1
15001,1
15002,1
15003,1
15004,1
15005,0
15006,1
15007,0
15008,1
15009,1
15010,1
15011,0
15012,1
15013,0
15014,0
15015,1
15016,0
15017,1
15018,1
15019,0
15020,1
15021,1
15022,0
15023,1
15024,0
15025,1
15026,0
15027,1
15028,1
15029,0
15030,1
15031,1
15032,1
15033,1
15034,0
15035,1
15036,1
15037,0
15038,1
15039,1
15040,1
15041,0
15042,0
15043,0
15044,1
15045,1
15046,1
15047,1
15048,1
15049,0
15050,0
15051,0
15052,0
15053,1
15054,0
15055,1
15056,1
15057,1
15058,1
15059,0
15060,1
15061,1
15062,1
15063,1
15064,1
15065,1
15066,1
15067,1
15068,1
15069,0
15070,0
15071,0
15072,1
15073,1
15074,0
15075,1
15076,0
15077,0
15078,1
15079,1
15080,1
15081,1
15082,1
15083,1
15084,0
15085,1
15086,0
15087,0
15088,0
15089,0
15090,0
15091,1
15092,1
15093,1
15094,0
15095,1
15096,1
15097,1
15098,0
15099,1
15100,1
15101,1
15102,1
15103,1
15104,1
15105,0
15106,1
15107,0
15108,1
15109,1
15110,1
15111,0
15112,0
15113,1
15114,1
15115,1
15116,0
15117,1
15118,1
15119,0
15120,1
15121,0
15122,1
15123,1
15124,1
15125,0
15126,1
15127,0
15128,1
15129,1
15130,1
15131,1
15132,1
15133,0
15134,1
15135,1
15136,1
15137,1
15138,1
15139,1
15140,1
15141,1
15142,1
15143,1
15144,1
15145,1
15146,0
15147,1
15148,0
15149,0
15150,1
15151,1
15152,1
15153,1
15154,0
15155,1
15156,1
15157,1
15158,0
15159,0
15160,1
15161,0
15162,0
15163,1
15164,0
15165,1
15166,1
15167,1
15168,1
15169,1
15170,1
15171,1
15172,0
15173,1
15174,0
15175,0
15176,0
15177,1
15178,1
15179,0
15180,0
15181,0
15182,1
15183,1
15184,0
15185,1
15186,0
15187,0
15188,0
15189,1
15190,1
15191,1
15192,0
15193,1
15194,0
15195,0
15196,1
15197,1
15198,1
15199,1
15200,0
15201,1
15202,0
15203,0
15204,1
15205,1
15206,0
15207,1
15208,1
15209,0
15210,0
15211,1
15212,1
15213,1
15214,1
15215,1
15216,1
15217,0
15218,1
15219,1
15220,1
15221,1
15222,1
15223,1
15224,0
15225,0
15226,0
15227,1
15228,1
15229,1
15230,0
15231,1
15232,1
15233,1
15234,1
15235,0
15236,1
15237,1
15238,1
15239,1
15240,1
15241,1
15242,0
15243,1
15244,1
15245,1
15246,1
15247,0
15248,1
15249,1
15250,0
15251,1
15252,1
15253,1
15254,0
15255,0
15256,1
15257,1
15258,1
15259,0
15260,1
15261,1
15262,1
15263,0
15264,0
15265,1
15266,1
15267,0
15268,1
15269,0
15270,1
15271,1
15272,0
15273,1
15274,1
15275,0
15276,1
15277,0
15278,1
15279,0
15280,1
15281,0
15282,1
15283,0
15284,1
15285,0
15286,0
15287,1
15288,1
15289,1
15290,1
15291,1
15292,1
15293,0
15294,1
15295,1
15296,1
15297,0
15298,1
15299,0
15300,1
15301,0
15302,1
15303,1
15304,0
15305,0
15306,1
15307,1
15308,0
15309,1
15310,1
15311,1
15312,1
15313,0
15314,1
15315,1
15316,0
15317,0
15318,0
15319,1
15320,0
15321,1
15322,1
15323,1
15324,1
15325,1
15326,0
15327,0
15328,1
15329,0
15330,1
15331,1
15332,1
15333,1
15334,0
15335,1
15336,1
15337,1
15338,1
15339,0
15340,1
15341,1
15342,1
15343,1
15344,1
15345,1
15346,1
15347,1
15348,0
15349,0
15350,1
15351,1
15352,1
15353,0
15354,1
15355,1
15356,1
15357,0
15358,1
15359,0
15360,1
15361,1
15362,1
15363,1
15364,1
15365,0
15366,1
15367,1
15368,1
15369,1
15370,1
15371,1
15372,0
15373,1
15374,1
15375,1
15376,1
15377,1
15378,0
15379,1
15380,0
15381,1
15382,1
15383,0
15384,1
15385,1
15386,1
15387,0
15388,1
15389,0
15390,0
15391,1
15392,1
15393,1
15394,1
15395,1
15396,0
15397,0
15398,0
15399,0
15400,0
15401,0
15402,1
15403,0
15404,1
15405,1
15406,1
15407,0
15408,1
15409,1
15410,1
15411,0
15412,1
15413,1
15414,1
15415,1
15416,1
15417,1
15418,1
15419,0
15420,0
15421,1
15422,0
15423,0
15424,1
15425,1
15426,0
15427,1
15428,1
15429,1
15430,0
15431,0
15432,1
15433,1
15434,0
15435,0
15436,1
15437,1
15438,0
15439,0
15440,1
15441,1
15442,1
15443,1
15444,0
15445,0
15446,0
15447,1
15448,1
15449,0
15450,0
15451,1
15452,1
15453,1
15454,1
15455,1
15456,1
15457,1
15458,1
15459,0
15460,1
15461,1
15462,1
15463,0
15464,1
15465,0
15466,0
15467,1
15468,1
15469,0
15470,1
15471,1
15472,1
15473,1
15474,1
15475,1
15476,0
15477,1
15478,1
15479,1
15480,1
15481,0
15482,1
15483,1
15484,0
15485,0
15486,1
15487,1
15488,1
15489,1
15490,1
15491,1
15492,1
15493,1
15494,1
15495,0
15496,0
15497,0
15498,0
15499,0
15500,1
15501,0
15502,1
15503,1
15504,1
15505,1
15506,1
15507,0
15508,0
15509,1
15510,1
15511,1
15512,1
15513,1
15514,1
15515,0
15516,1
15517,0
15518,0
15519,1
15520,1
15521,1
15522,1
15523,1
15524,1
15525,0
15526,0
15527,1
15528,1
15529,0
15530,1
15531,1
15532,0
15533,0
15534,1
15535,1
15536,1
15537,0
15538,1
15539,1
15540,1
15541,1
15542,1
15543,0
15544,1
15545,0
15546,0
15547,0
15548,0
15549,0
15550,1
15551,0
15552,1
15553,1
15554,1
15555,0
15556,1
15557,0
15558,1
15559,1
15560,1
15561,1
15562,0
15563,0
15564,0
15565,1
15566,1
15567,1
15568,0
15569,1
15570,1
15571,0
15572,1
15573,1
15574,1
15575,1
15576,1
15577,1
15578,1
15579,1
15580,1
15581,1
15582,0
15583,1
15584,1
15585,1
15586,1
15587,1
15588,0
15589,0
15590,1
15591,1
15592,1
15593,1
15594,1
15595,1
15596,0
15597,1
15598,1
15599,1
15600,1
15601,1
15602,1
15603,1
15604,0
15605,1
15606,1
15607,1
15608,1
15609,1
15610,1
15611,1
15612,1
15613,1
15614,0
15615,1
15616,0
15617,0
15618,0
15619,1
15620,1
15621,1
15622,1
15623,0
15624,0
15625,1
15626,0
15627,1
15628,1
15629,1
15630,1
15631,1
15632,1
15633,1
15634,0
15635,1
15636,0
15637,1
15638,0
15639,0
15640,1
15641,0
15642,1
15643,1
15644,1
15645,1
15646,1
15647,1
15648,1
15649,0
15650,1
15651,0
15652,0
15653,1
15654,1
15655,1
15656,1
15657,1
15658,0
15659,1
15660,0
15661,1
15662,1
15663,0
15664,1
15665,1
15666,1
15667,1
15668,0
15669,0
15670,1
15671,1
15672,1
15673,1
15674,1
15675,0
15676,0
15677,1
15678,0
15679,0
15680,0
15681,1
15682,1
15683,0
15684,1
15685,0
15686,0
15687,1
15688,1
15689,0
15690,0
15691,0
15692,1
15693,1
15694,0
15695,1
15696,1
15697,0
15698,0
15699,0
15700,1
15701,0
15702,1
15703,0
15704,1
15705,1
15706,1
15707,1
15708,1
15709,1
15710,1
15711,1
15712,1
15713,0
15714,0
15715,1
15716,1
15717,1
15718,1
15719,0
15720,1
15721,1
15722,1
15723,1
15724,1
15725,0
15726,1
15727,1
15728,1
15729,0
15730,1
15731,1
15732,1
15733,1
15734,1
15735,1
15736,0
15737,1
15738,0
15739,1
15740,0
15741,1
15742,0
15743,1
15744,1
15745,1
15746,0
15747,1
15748,1
15749,1
15750,1
15751,1
15752,1
15753,1
15754,1
15755,1
15756,0
15757,1
15758,1
15759,1
15760,1
15761,1
15762,1
15763,1
15764,0
15765,1
15766,0
15767,1
15768,1
15769,1
15770,0
15771,1
15772,1
15773,0
15774,1
15775,1
15776,1
15777,1
15778,1
15779,1
15780,1
15781,0
15782,1
15783,1
15784,1
15785,1
15786,1
15787,0
15788,1
15789,1
15790,1
15791,1
15792,1
15793,1
15794,1
15795,0
15796,1
15797,1
15798,1
15799,1
15800,0
15801,0
15802,0
15803,1
15804,1
15805,1
15806,1
15807,1
15808,1
15809,0
15810,1
15811,0
15812,1
15813,1
15814,0
15815,1
15816,0
15817,1
15818,1
15819,0
15820,1
15821,1
15822,0
15823,1
15824,1
15825,1
15826,1
15827,0
15828,1
15829,1
15830,1
15831,1
15832,1
15833,1
15834,0
15835,1
15836,1
15837,1
15838,0
15839,1
15840,1
15841,0
15842,1
15843,1
15844,1
15845,1
15846,1
15847,1
15848,1
15849,1
15850,1
15851,1
15852,0
15853,1
15854,1
15855,1
15856,0
15857,1
15858,0
15859,1
15860,1
15861,1
15862,1
15863,1
15864,1
15865,1
15866,1
15867,0
15868,1
15869,1
15870,0
15871,1
15872,0
15873,1
15874,1
15875,1
15876,1
15877,1
15878,0
15879,0
15880,1
15881,0
15882,0
15883,1
15884,1
15885,1
15886,1
15887,0
15888,1
15889,1
15890,0
15891,0
15892,1
15893,1
15894,1
15895,1
15896,1
15897,0
15898,1
15899,1
15900,1
15901,1
15902,1
15903,1
15904,1
15905,1
15906,0
15907,1
15908,1
15909,0
15910,0
15911,1
15912,0
15913,0
15914,1
15915,1
15916,1
15917,0
15918,1
15919,0
15920,1
15921,1
15922,1
15923,1
15924,1
15925,1
15926,1
15927,0
15928,1
15929,1
15930,1
15931,1
15932,1
15933,1
15934,0
15935,0
15936,1
15937,1
15938,1
15939,1
15940,1
15941,0
15942,1
15943,0
15944,0
15945,0
15946,1
15947,1
15948,1
15949,1
15950,1
15951,0
15952,1
15953,1
15954,0
15955,0
15956,0
15957,0
15958,1
15959,1
15960,0
15961,0
15962,1
15963,0
15964,1
15965,0
15966,1
15967,0
15968,1
15969,1
15970,1
15971,0
15972,0
15973,0
15974,1
15975,1
15976,1
15977,0
15978,0
15979,1
15980,1
15981,1
15982,1
15983,0
15984,0
15985,0
15986,1
15987,1
15988,0
15989,1
15990,1
15991,1
15992,0
15993,1
15994,1
15995,0
15996,0
15997,1
15998,0
15999,1
16000,1
16001,1
16002,1
16003,1
16004,0
16005,1
16006,1
16007,1
16008,0
16009,1
16010,1
16011,0
16012,0
16013,0
16014,0
16015,0
16016,0
16017,1
16018,1
16019,1
16020,0
16021,0
16022,1
16023,1
16024,1
16025,1
16026,0
16027,1
16028,0
16029,1
16030,0
16031,0
16032,1
16033,1
16034,0
16035,1
16036,1
16037,0
16038,1
16039,1
16040,1
16041,1
16042,1
16043,0
16044,0
16045,0
16046,1
16047,1
16048,1
16049,0
16050,1
16051,1
16052,1
16053,1
16054,1
16055,1
16056,0
16057,1
16058,1
16059,1
16060,1
16061,0
16062,1
16063,1
16064,1
16065,1
16066,1
16067,1
16068,0
16069,1
16070,0
16071,1
16072,0
16073,0
16074,0
16075,1
16076,0
16077,0
16078,1
16079,0
16080,0
16081,0
16082,1
16083,0
16084,0
16085,0
16086,0
16087,1
16088,1
16089,1
16090,1
16091,1
16092,0
16093,1
16094,1
16095,1
16096,1
16097,1
16098,0
16099,0
16100,0
16101,0
16102,1
16103,1
16104,1
16105,1
16106,0
16107,1
16108,0
16109,1
16110,0
16111,1
16112,1
16113,1
16114,1
16115,1
16116,1
16117,1
16118,1
16119,0
16120,1
16121,1
16122,1
16123,1
16124,0
16125,1
16126,1
16127,1
16128,1
16129,1
16130,1
16131,1
16132,0
16133,0
16134,1
16135,1
16136,0
16137,1
16138,1
16139,0
16140,1
16141,0
16142,0
16143,1
16144,1
16145,1
16146,1
16147,1
16148,1
16149,0
16150,1
16151,1
16152,0
16153,1
16154,0
16155,1
16156,0
16157,1
16158,1
16159,1
16160,1
16161,0
16162,1
16163,1
16164,0
16165,1
16166,1
16167,1
16168,1
16169,0
16170,1
16171,1
16172,0
16173,1
16174,1
16175,0
16176,1
16177,1
16178,1
16179,1
16180,0
16181,1
16182,1
16183,1
16184,1
16185,1
16186,0
16187,0
16188,1
16189,1
16190,1
16191,1
16192,0
16193,0
16194,1
16195,1
16196,1
16197,1
16198,0
16199,0
16200,0
16201,1
16202,1
16203,1
16204,0
16205,0
16206,1
16207,1
16208,0
16209,1
16210,1
16211,0
16212,1
16213,1
16214,1
16215,1
16216,1
16217,0
16218,0
16219,1
16220,1
16221,1
16222,0
16223,0
16224,1
16225,1
16226,1
16227,0
16228,0
16229,1
16230,1
16231,1
16232,0
16233,1
16234,1
16235,0
16236,0
16237,0
16238,0
16239,1
16240,1
16241,0
16242,0
16243,1
16244,0
16245,1
16246,1
16247,0
16248,0
16249,1
16250,0
16251,1
16252,1
16253,0
16254,1
16255,1
16256,0
16257,0
16258,0
16259,0
16260,1
16261,1
16262,1
16263,1
16264,1
16265,1
16266,1
16267,0
16268,0
16269,1
16270,1
16271,1
16272,1
16273,0
16274,0
16275,0
16276,1
16277,1
16278,0
16279,0
16280,1
16281,1
16282,0
16283,0
16284,1
16285,1
16286,1
16287,1
16288,1
16289,1
16290,1
16291,1
16292,1
16293,1
16294,1
16295,0
16296,1
16297,0
16298,1
16299,1
16300,1
16301,0
16302,1
16303,1
16304,0
16305,1
16306,1
16307,1
16308,1
16309,1
16310,1
16311,1
16312,0
16313,1
16314,1
16315,1
16316,1
16317,1
16318,0
16319,1
16320,1
16321,1
16322,0
16323,1
16324,1
16325,1
16326,0
16327,1
16328,0
16329,0
16330,0
16331,0
16332,0
16333,1
16334,0
16335,1
16336,1
16337,1
16338,1
16339,0
16340,0
16341,1
16342,0
16343,0
16344,1
16345,0
16346,1
16347,1
16348,1
16349,1
16350,1
16351,0
16352,0
16353,1
16354,0
16355,1
16356,0
16357,1
16358,1
16359,1
16360,1
16361,1
16362,0
16363,0
16364,1
16365,1
16366,0
16367,0
16368,1
16369,1
16370,0
16371,1
16372,1
16373,1
16374,1
16375,0
16376,1
16377,0
16378,0
16379,1
16380,0
16381,1
16382,0
16383,1
16384,1
16385,1
16386,1
16387,0
16388,0
16389,0
16390,1
16391,1
16392,1
16393,1
16394,0
16395,0
16396,0
16397,0
16398,0
16399,0
16400,0
16401,1
16402,1
16403,0
16404,1
16405,1
16406,1
16407,1
16408,1
16409,0
16410,0
16411,0
16412,0
16413,1
16414,1
16415,1
16416,0
16417,0
16418,1
16419,1
16420,1
16421,1
16422,1
16423,1
16424,0
16425,0
16426,1
16427,1
16428,0
16429,0
16430,0
16431,1
16432,1
16433,0
16434,1
16435,0
16436,0
16437,0
16438,1
16439,0
16440,1
16441,1
16442,1
16443,0
16444,1
16445,1
16446,1
16447,1
16448,0
16449,1
16450,1
16451,1
16452,1
16453,0
16454,1
16455,0
16456,0
16457,0
16458,0
16459,1
16460,0
16461,1
16462,0
16463,1
16464,1
16465,1
16466,0
16467,0
16468,0
16469,1
16470,1
16471,1
16472,1
16473,1
16474,0
16475,1
16476,0
16477,0
16478,1
16479,1
16480,1
16481,0
16482,1
16483,1
16484,1
16485,1
16486,0
16487,1
16488,1
16489,1
16490,0
16491,0
16492,1
16493,1
16494,0
16495,1
16496,1
16497,1
16498,0
16499,1
16500,0
16501,0
16502,0
16503,0
16504,1
16505,0
16506,0
16507,0
16508,1
16509,0
16510,1
16511,1
16512,1
16513,0
16514,1
16515,1
16516,1
16517,0
16518,1
16519,1
16520,0
16521,1
16522,1
16523,1
16524,1
16525,0
16526,1
16527,1
16528,1
16529,1
16530,0
16531,0
16532,1
16533,1
16534,1
16535,0
16536,1
16537,1
16538,1
16539,1
16540,1
16541,0
16542,1
16543,0
16544,1
16545,0
16546,1
16547,1
16548,0
16549,1
16550,1
16551,1
16552,0
16553,0
16554,1
16555,0
16556,0
16557,0
16558,1
16559,1
16560,0
16561,1
16562,0
16563,1
16564,0
16565,1
16566,0
16567,1
16568,0
16569,1
16570,1
16571,0
16572,1
16573,1
16574,0
16575,0
16576,0
16577,0
16578,0
16579,1
16580,0
16581,1
16582,1
16583,0
16584,1
16585,1
16586,1
16587,0
16588,0
16589,1
16590,1
16591,0
16592,1
16593,1
16594,1
16595,0
16596,1
16597,0
16598,0
16599,0
16600,0
16601,1
16602,1
16603,0
16604,1
16605,1
16606,1
16607,0
16608,0
16609,1
16610,1
16611,1
16612,1
16613,0
16614,1
16615,1
16616,1
16617,0
16618,1
16619,0
16620,1
16621,1
16622,0
16623,0
16624,0
16625,0
16626,0
16627,0
16628,1
16629,0
16630,0
16631,0
16632,1
16633,1
16634,1
16635,0
16636,0
16637,1
16638,1
16639,1
16640,1
16641,0
16642,1
16643,1
16644,1
16645,1
16646,1
16647,0
16648,1
16649,1
16650,1
16651,1
16652,1
16653,1
16654,1
16655,1
16656,0
16657,1
16658,1
16659,0
16660,1
16661,0
16662,0
16663,1
16664,1
16665,1
16666,1
16667,0
16668,0
16669,1
16670,1
16671,1
16672,1
16673,0
16674,0
16675,0
16676,1
16677,1
16678,0
16679,1
16680,0
16681,1
16682,1
16683,1
16684,0
16685,0
16686,0
16687,1
16688,0
16689,0
16690,1
16691,1
16692,1
16693,0
16694,1
16695,0
16696,1
16697,1
16698,0
16699,0
16700,1
16701,0
16702,1
16703,0
16704,1
16705,0
16706,1
16707,1
16708,0
16709,1
16710,1
16711,1
16712,0
16713,1
16714,0
16715,1
16716,1
16717,1
16718,1
16719,1
16720,1
16721,1
16722,1
16723,1
16724,1
16725,1
16726,1
16727,0
16728,0
16729,0
16730,1
16731,0
16732,1
16733,1
16734,1
16735,1
16736,1
16737,1
16738,1
16739,1
16740,1
16741,0
16742,1
16743,0
16744,1
16745,1
16746,1
16747,1
16748,1
16749,1
16750,0
16751,1
16752,0
16753,1
16754,1
16755,1
16756,1
16757,1
16758,1
16759,1
16760,1
16761,1
16762,1
16763,1
16764,1
16765,0
16766,1
16767,1
16768,1
16769,0
16770,1
16771,0
16772,0
16773,1
16774,0
16775,0
16776,1
16777,0
16778,1
16779,0
16780,0
16781,1
16782,0
16783,1
16784,0
16785,1
16786,1
16787,1
16788,1
16789,0
16790,0
16791,0
16792,1
16793,1
16794,1
16795,1
16796,1
16797,1
16798,1
16799,0
16800,1
16801,1
16802,0
16803,1
16804,0
16805,1
16806,0
16807,1
16808,1
16809,1
16810,0
16811,1
16812,1
16813,1
16814,1
16815,1
16816,1
16817,0
16818,0
16819,1
16820,1
16821,1
16822,1
16823,1
16824,1
16825,1
16826,0
16827,1
16828,1
16829,1
16830,0
16831,0
16832,0
16833,1
16834,1
16835,0
16836,0
16837,1
16838,1
16839,1
16840,1
16841,0
16842,0
16843,1
16844,1
16845,0
16846,0
16847,0
16848,0
16849,1
16850,1
16851,0
16852,1
16853,0
16854,1
16855,1
16856,1
16857,1
16858,1
16859,0
16860,1
16861,0
16862,1
16863,1
16864,1
16865,0
16866,0
16867,1
16868,1
16869,0
16870,1
16871,1
16872,0
16873,1
16874,0
16875,1
16876,0
16877,1
16878,1
16879,0
16880,1
16881,1
16882,0
16883,0
16884,1
16885,0
16886,1
16887,0
16888,1
16889,0
16890,1
16891,1
16892,1
16893,0
16894,1
16895,0
16896,1
16897,1
16898,0
16899,0
16900,1
16901,0
16902,1
16903,1
16904,0
16905,1
16906,1
16907,1
16908,0
16909,0
16910,0
16911,1
16912,1
16913,0
16914,1
16915,1
16916,1
16917,1
16918,1
16919,1
16920,0
16921,0
16922,1
16923,1
16924,1
16925,0
16926,0
16927,1
16928,0
16929,0
16930,0
16931,1
16932,0
16933,1
16934,1
16935,1
16936,1
16937,1
16938,1
16939,0
16940,1
16941,0
16942,1
16943,1
16944,1
16945,1
16946,0
16947,1
16948,0
16949,1
16950,1
16951,1
16952,1
16953,0
16954,1
16955,1
16956,1
16957,0
16958,1
16959,0
16960,1
16961,1
16962,1
16963,1
16964,1
16965,1
16966,1
16967,0
16968,1
16969,1
16970,1
16971,1
16972,0
16973,1
16974,0
16975,1
16976,1
16977,1
16978,1
16979,1
16980,1
16981,1
16982,1
16983,1
16984,1
16985,0
16986,1
16987,1
16988,1
16989,1
16990,1
16991,1
16992,1
16993,1
16994,1
16995,1
16996,0
16997,1
16998,0
16999,0
17000,1
17001,0
17002,1
17003,1
17004,0
17005,1
17006,0
17007,1
17008,0
17009,0
17010,1
17011,0
17012,0
17013,1
17014,1
17015,1
17016,0
17017,1
17018,1
17019,0
17020,1
17021,1
17022,1
17023,1
17024,0
17025,1
17026,1
17027,0
17028,1
17029,0
17030,1
17031,1
17032,1
17033,1
17034,1
17035,1
17036,1
17037,0
17038,0
17039,0
17040,1
17041,0
17042,1
17043,1
17044,1
17045,1
17046,0
17047,0
17048,1
17049,1
17050,1
17051,0
17052,0
17053,0
17054,1
17055,0
17056,0
17057,1
17058,1
17059,0
17060,1
17061,0
17062,1
17063,0
17064,0
17065,1
17066,0
17067,0
17068,1
17069,1
17070,0
17071,1
17072,1
17073,0
17074,1
17075,1
17076,1
17077,1
17078,1
17079,0
17080,1
17081,0
17082,1
17083,1
17084,1
17085,0
17086,0
17087,1
17088,1
17089,1
17090,0
17091,1
17092,0
17093,1
17094,1
17095,0
17096,1
17097,1
17098,1
17099,1
17100,1
17101,1
17102,1
17103,1
17104,0
17105,1
17106,1
17107,1
17108,1
17109,1
17110,0
17111,1
17112,1
17113,1
17114,1
17115,1
17116,0
17117,1
17118,1
17119,1
17120,1
17121,1
17122,1
17123,1
17124,0
17125,0
17126,1
17127,0
17128,0
17129,0
17130,1
17131,0
17132,1
17133,1
17134,1
17135,1
17136,0
17137,1
17138,1
17139,1
17140,0
17141,1
17142,1
17143,1
17144,1
17145,1
17146,1
17147,0
17148,0
17149,0
17150,1
17151,1
17152,1
17153,1
17154,1
17155,1
17156,0
17157,1
17158,0
17159,1
17160,1
17161,0
17162,0
17163,1
17164,1
17165,1
17166,0
17167,1
17168,0
17169,1
17170,1
17171,1
17172,0
17173,1
17174,1
17175,0
17176,1
17177,1
17178,1
17179,1
17180,0
17181,1
17182,0
17183,1
17184,1
17185,1
17186,1
17187,0
17188,0
17189,1
17190,0
17191,1
17192,1
17193,0
17194,1
17195,1
17196,1
17197,1
17198,0
17199,1
17200,1
17201,1
17202,1
17203,1
17204,1
17205,1
17206,1
17207,0
17208,1
17209,1
17210,0
17211,1
17212,1
17213,1
17214,1
17215,1
17216,0
17217,1
17218,0
17219,1
17220,1
17221,1
17222,0
17223,0
17224,0
17225,0
17226,0
17227,1
17228,0
17229,1
17230,1
17231,1
17232,1
17233,1
17234,1
17235,1
17236,0
17237,1
17238,0
17239,1
17240,1
17241,1
17242,1
17243,1
17244,1
17245,1
17246,1
17247,0
17248,0
17249,0
17250,0
17251,1
17252,1
17253,0
17254,1
17255,0
17256,0
17257,0
17258,1
17259,1
17260,1
17261,1
17262,1
17263,0
17264,1
17265,1
17266,1
17267,0
17268,1
17269,1
17270,0
17271,1
17272,1
17273,1
17274,1
17275,0
17276,1
17277,0
17278,0
17279,1
17280,1
17281,0
17282,1
17283,1
17284,1
17285,1
17286,0
17287,1
17288,0
17289,1
17290,1
17291,1
17292,1
17293,1
17294,0
17295,0
17296,1
17297,0
17298,0
17299,1
17300,1
17301,1
17302,0
17303,1
17304,0
17305,1
17306,1
17307,0
17308,1
17309,0
17310,0
17311,1
17312,1
17313,0
17314,1
17315,1
17316,0
17317,0
17318,1
17319,1
17320,1
17321,1
17322,1
17323,1
17324,1
17325,1
17326,0
17327,0
17328,0
17329,0
17330,0
17331,0
17332,1
17333,1
17334,1
17335,1
17336,0
17337,1
17338,0
17339,0
17340,1
17341,1
17342,0
17343,0
17344,1
17345,1
17346,1
17347,1
17348,1
17349,0
17350,0
17351,1
17352,1
17353,1
17354,0
17355,0
17356,1
17357,0
17358,0
17359,0
17360,0
17361,0
17362,1
17363,1
17364,0
17365,0
17366,1
17367,0
17368,0
17369,1
17370,1
17371,1
17372,0
17373,1
17374,0
17375,1
17376,1
17377,1
17378,0
17379,1
17380,0
17381,1
17382,1
17383,0
17384,1
17385,0
17386,1
17387,1
17388,1
17389,1
17390,0
17391,1
17392,1
17393,1
17394,1
17395,1
17396,1
17397,0
17398,0
17399,1
17400,0
17401,1
17402,0
17403,1
17404,0
17405,1
17406,0
17407,0
17408,1
17409,1
17410,1
17411,1
17412,0
17413,1
17414,1
17415,1
17416,1
17417,0
17418,1
17419,1
17420,1
17421,0
17422,0
17423,0
17424,0
17425,1
17426,1
17427,1
17428,1
17429,0
17430,0
17431,0
17432,1
17433,0
17434,1
17435,0
17436,1
17437,1
17438,1
17439,1
17440,0
17441,1
17442,1
17443,1
17444,0
17445,0
17446,1
17447,0
17448,1
17449,1
17450,1
17451,0
17452,1
17453,0
17454,1
17455,0
17456,1
17457,1
17458,1
17459,1
17460,1
17461,1
17462,1
17463,1
17464,1
17465,1
17466,1
17467,1
17468,1
17469,0
17470,1
17471,1
17472,1
17473,1
17474,1
17475,1
17476,1
17477,0
17478,1
17479,1
17480,1
17481,1
17482,0
17483,1
17484,1
17485,1
17486,0
17487,1
17488,1
17489,0
17490,1
17491,1
17492,1
17493,1
17494,1
17495,1
17496,0
17497,1
17498,0
17499,1
17500,0
17501,0
17502,1
17503,0
17504,1
17505,1
17506,1
17507,0
17508,1
17509,1
17510,0
17511,0
17512,1
17513,1
17514,0
17515,1
17516,1
17517,0
17518,1
17519,1
17520,1
17521,0
17522,0
17523,0
17524,0
17525,0
17526,0
17527,1
17528,1
17529,1
17530,1
17531,1
17532,0
17533,1
17534,1
17535,1
17536,1
17537,1
17538,0
17539,1
17540,1
17541,1
17542,0
17543,0
17544,0
17545,0
17546,1
17547,1
17548,1
17549,0
17550,1
17551,1
17552,1
17553,0
17554,1
17555,1
17556,1
17557,1
17558,1
17559,1
17560,0
17561,1
17562,1
17563,0
17564,1
17565,0
17566,1
17567,0
17568,1
17569,1
17570,1
17571,0
17572,1
17573,0
17574,1
17575,1
17576,1
17577,0
17578,0
17579,1
17580,1
17581,0
17582,1
17583,1
17584,1
17585,1
17586,0
17587,1
17588,1
17589,1
17590,1
17591,1
17592,1
17593,1
17594,1
17595,1
17596,0
17597,1
17598,0
17599,1
17600,1
17601,0
17602,1
17603,1
17604,1
17605,1
17606,1
17607,1
17608,0
17609,1
17610,1
17611,1
17612,1
17613,0
17614,0
17615,1
17616,1
17617,1
17618,0
17619,0
17620,0
17621,1
17622,1
17623,1
17624,1
17625,0
17626,1
17627,1
17628,0
17629,0
17630,1
17631,0
17632,1
17633,0
17634,1
17635,0
17636,0
17637,0
17638,1
17639,1
17640,0
17641,0
17642,0
17643,0
17644,0
17645,0
17646,0
17647,0
17648,0
17649,1
17650,1
17651,0
17652,0
17653,0
17654,1
17655,1
17656,0
17657,0
17658,0
17659,0
17660,1
17661,1
17662,0
17663,1
17664,1
17665,1
17666,0
17667,1
17668,1
17669,1
17670,1
17671,0
17672,0
17673,1
17674,1
17675,1
17676,0
17677,1
17678,1
17679,1
17680,1
17681,1
17682,0
17683,1
17684,0
17685,1
17686,1
17687,1
17688,0
17689,0
17690,1
17691,1
17692,1
17693,0
17694,1
17695,0
17696,1
17697,0
17698,1
17699,1
17700,1
17701,1
17702,1
17703,1
17704,1
17705,1
17706,1
17707,1
17708,1
17709,0
17710,0
17711,1
17712,0
17713,0
17714,1
17715,0
17716,0
17717,0
17718,1
17719,0
17720,0
17721,1
17722,1
17723,0
17724,1
17725,0
17726,1
17727,1
17728,0
17729,1
17730,1
17731,1
17732,1
17733,1
17734,1
17735,1
17736,1
17737,0
17738,1
17739,1
17740,0
17741,1
17742,0
17743,1
17744,1
17745,0
17746,0
17747,1
17748,1
17749,1
17750,0
17751,1
17752,1
17753,1
17754,1
17755,1
17756,0
17757,1
17758,1
17759,0
17760,0
17761,1
17762,1
17763,0
17764,0
17765,0
17766,0
17767,0
17768,1
17769,1
17770,1
17771,1
17772,1
17773,1
17774,0
17775,0
17776,0
17777,0
17778,1
17779,1
17780,0
17781,1
17782,1
17783,0
17784,0
17785,1
17786,1
17787,0
17788,1
17789,0
17790,1
17791,1
17792,0
17793,0
17794,0
17795,1
17796,0
17797,1
17798,0
17799,0
17800,0
17801,1
17802,0
17803,1
17804,0
17805,0
17806,1
17807,1
17808,1
17809,1
17810,0
17811,1
17812,1
17813,0
17814,1
17815,1
17816,1
17817,0
17818,1
17819,1
17820,0
17821,1
17822,1
17823,1
17824,0
17825,0
17826,0
17827,1
17828,1
17829,0
17830,0
17831,0
17832,0
17833,1
17834,1
17835,1
17836,0
17837,1
17838,1
17839,1
17840,0
17841,1
17842,0
17843,0
17844,1
17845,0
17846,1
17847,0
17848,1
17849,1
17850,1
17851,0
17852,1
17853,1
17854,1
17855,1
17856,0
17857,1
17858,1
17859,1
17860,1
17861,1
17862,0
17863,1
17864,0
17865,1
17866,0
17867,1
17868,1
17869,1
17870,1
17871,1
17872,1
17873,0
17874,0
17875,0
17876,1
17877,1
17878,1
17879,1
17880,0
17881,1
17882,1
17883,1
17884,1
17885,0
17886,1
17887,1
17888,1
17889,1
17890,1
17891,0
17892,0
17893,1
17894,0
17895,1
17896,1
17897,0
17898,1
17899,1
17900,1
17901,1
17902,1
17903,1
17904,1
17905,1
17906,1
17907,1
17908,1
17909,0
17910,1
17911,1
17912,1
17913,1
17914,0
17915,1
17916,1
17917,0
17918,1
17919,1
17920,0
17921,1
17922,1
17923,1
17924,1
17925,1
17926,1
17927,1
17928,1
17929,0
17930,0
17931,0
17932,1
17933,1
17934,1
17935,1
17936,0
17937,1
17938,1
17939,1
17940,1
17941,0
17942,1
17943,0
17944,0
17945,1
17946,0
17947,1
17948,1
17949,1
17950,1
17951,1
17952,1
17953,0
17954,1
17955,1
17956,0
17957,0
17958,1
17959,1
17960,1
17961,1
17962,1
17963,1
17964,0
17965,1
17966,1
17967,0
17968,1
17969,1
17970,1
17971,0
17972,0
17973,1
17974,1
17975,1
17976,1
17977,1
17978,1
17979,1
17980,1
17981,0
17982,1
17983,1
17984,0
17985,1
17986,1
17987,0
17988,1
17989,1
17990,0
17991,0
17992,1
17993,1
17994,1
17995,0
17996,1
17997,1
17998,1
17999,1
18000,1
18001,1
18002,1
18003,1
18004,1
18005,1
18006,1
18007,0
18008,0
18009,0
18010,0
18011,1
18012,0
18013,1
18014,1
18015,1
18016,0
18017,1
18018,1
18019,1
18020,0
18021,1
18022,0
18023,1
18024,1
18025,1
18026,0
18027,1
18028,1
18029,1
18030,0
18031,1
18032,1
18033,1
18034,1
18035,0
18036,1
18037,1
18038,1
18039,0
18040,1
18041,1
18042,1
18043,1
18044,1
18045,1
18046,0
18047,1
18048,0
18049,1
18050,1
18051,1
18052,1
18053,1
18054,0
18055,1
18056,0
18057,1
18058,1
18059,1
18060,1
18061,1
18062,0
18063,0
18064,1
18065,1
18066,1
18067,1
18068,0
18069,1
18070,1
18071,1
18072,0
18073,0
18074,1
18075,1
18076,1
18077,1
18078,1
18079,1
18080,1
18081,0
18082,1
18083,0
18084,1
18085,0
18086,0
18087,0
18088,1
18089,1
18090,1
18091,1
18092,1
18093,1
18094,0
18095,0
18096,1
18097,0
18098,1
18099,0
18100,1
18101,0
18102,1
18103,1
18104,1
18105,1
18106,0
18107,0
18108,1
18109,0
18110,0
18111,1
18112,1
18113,1
18114,1
18115,1
18116,0
18117,1
18118,1
18119,1
18120,1
18121,1
18122,1
18123,1
18124,0
18125,1
18126,0
18127,1
18128,1
18129,1
18130,1
18131,1
18132,0
18133,1
18134,0
18135,0
18136,1
18137,1
18138,1
18139,1
18140,0
18141,1
18142,0
18143,1
18144,1
18145,0
18146,0
18147,1
18148,1
18149,1
18150,0
18151,1
18152,1
18153,0
18154,0
18155,0
18156,0
18157,0
18158,0
18159,1
18160,1
18161,1
18162,1
18163,1
18164,0
18165,0
18166,1
18167,1
18168,1
18169,1
18170,1
18171,1
18172,0
18173,1
18174,1
18175,1
18176,1
18177,1
18178,1
18179,1
18180,0
18181,1
18182,0
18183,0
18184,1
18185,1
18186,0
18187,1
18188,1
18189,0
18190,1
18191,1
18192,1
18193,1
18194,1
18195,0
18196,1
18197,1
18198,0
18199,1
18200,1
18201,1
18202,1
18203,1
18204,1
18205,1
18206,1
18207,1
18208,1
18209,1
18210,1
18211,1
18212,1
18213,1
18214,0
18215,1
18216,1
18217,0
18218,0
18219,1
18220,1
18221,1
18222,1
18223,1
18224,1
18225,1
18226,0
18227,1
18228,1
18229,1
18230,0
18231,0
18232,1
18233,0
18234,0
18235,1
18236,1
18237,1
18238,1
18239,0
18240,1
18241,0
18242,1
18243,0
18244,1
18245,1
18246,1
18247,0
18248,0
18249,0
18250,1
18251,0
18252,1
18253,1
18254,1
18255,0
18256,0
18257,1
18258,0
18259,0
18260,1
18261,1
18262,1
18263,1
18264,0
18265,1
18266,1
18267,0
18268,1
18269,0
18270,1
18271,1
18272,1
18273,0
18274,1
18275,1
18276,0
18277,0
18278,1
18279,1
18280,0
18281,1
18282,1
18283,0
18284,1
18285,0
18286,1
18287,1
18288,1
18289,1
18290,1
18291,1
18292,0
18293,1
18294,1
18295,1
18296,1
18297,1
18298,1
18299,1
18300,1
18301,1
18302,0
18303,1
18304,0
18305,1
18306,1
18307,1
18308,1
18309,0
18310,1
18311,1
18312,1
18313,1
18314,1
18315,1
18316,0
18317,0
18318,1
18319,1
18320,1
18321,1
18322,0
18323,1
18324,1
18325,1
18326,1
18327,1
18328,1
18329,0
18330,0
18331,0
18332,1
18333,0
18334,0
18335,1
18336,1
18337,1
18338,1
18339,1
18340,0
18341,1
18342,0
18343,1
18344,1
18345,0
18346,1
18347,1
18348,1
18349,1
18350,0
18351,0
18352,0
18353,1
18354,0
18355,0
18356,1
18357,1
18358,1
18359,1
18360,1
18361,1
18362,0
18363,0
18364,1
18365,0
18366,1
18367,0
18368,1
18369,1
18370,1
18371,1
18372,1
18373,0
18374,0
18375,1
18376,0
18377,0
18378,1
18379,1
18380,1
18381,0
18382,1
18383,1
18384,0
18385,0
18386,1
18387,1
18388,1
18389,1
18390,1
18391,1
18392,1
18393,1
18394,1
18395,1
18396,1
18397,1
18398,1
18399,1
18400,0
18401,0
18402,1
18403,1
18404,0
18405,0
18406,1
18407,1
18408,1
18409,0
18410,1
18411,0
18412,1
18413,0
18414,0
18415,1
18416,1
18417,0
18418,1
18419,0
18420,0
18421,0
18422,1
18423,0
18424,1
18425,1
18426,1
18427,1
18428,0
18429,0
18430,1
18431,1
18432,1
18433,1
18434,0
18435,1
18436,1
18437,0
18438,1
18439,1
18440,0
18441,1
18442,1
18443,1
18444,1
18445,1
18446,0
18447,0
18448,1
18449,1
18450,1
18451,0
18452,1
